create database BancoDeDadosHBSIS2

GO

use BancoDeDadosHBSIS2

GO

CREATE TABLE [dbo].[Tipos] (
    [Id]     INT        IDENTITY (1, 1) NOT NULL,
    [Codigo] INT        NULL,
    [Nome]   NVARCHAR (10) NULL,
    PRIMARY KEY CLUSTERED ([Id] ASC),
    CONSTRAINT [AK_Tipos_Codigo] UNIQUE NONCLUSTERED ([Codigo] ASC)
);

GO

CREATE TABLE [dbo].[ModelosVeiculos] (
    [Id]          INT        IDENTITY (1, 1) NOT NULL,
    [Modelo]      NVARCHAR (50) NULL,
    [MarcaCodigo] INT        NULL,
    PRIMARY KEY CLUSTERED ([Id] ASC)
);

GO

CREATE TABLE [dbo].[Marcas] (
    [Id]         INT           IDENTITY (1, 1) NOT NULL,
    [Codigo]     INT           NULL,
    [Nome]       NVARCHAR (20) NULL,
    [TipoCodigo] INT           NULL,
    PRIMARY KEY CLUSTERED ([Id] ASC),
    CONSTRAINT [AK_Marcas_Codigo] UNIQUE NONCLUSTERED ([Codigo] ASC),
    CONSTRAINT [FK_Marcas_ToTipos] FOREIGN KEY ([TipoCodigo]) REFERENCES [dbo].[Tipos] ([Codigo])
);

GO


SET IDENTITY_INSERT [dbo].[Tipos] ON
INSERT INTO [dbo].[Tipos] ([Id], [Codigo], [Nome]) VALUES (1, 1, N'Carro     ')
INSERT INTO [dbo].[Tipos] ([Id], [Codigo], [Nome]) VALUES (2, 2, N'Moto      ')
INSERT INTO [dbo].[Tipos] ([Id], [Codigo], [Nome]) VALUES (4, 3, N'Patinete  ')
SET IDENTITY_INSERT [dbo].[Tipos] OFF

GO

SET IDENTITY_INSERT [dbo].[Marcas] ON
INSERT INTO [dbo].[Marcas] ([Id], [Codigo], [Nome], [TipoCodigo]) VALUES (1, 1, N'Audi                ', 1)
INSERT INTO [dbo].[Marcas] ([Id], [Codigo], [Nome], [TipoCodigo]) VALUES (2, 2, N'BMW                 ', 1)
INSERT INTO [dbo].[Marcas] ([Id], [Codigo], [Nome], [TipoCodigo]) VALUES (3, 3, N'Chevrolet           ', 1)
INSERT INTO [dbo].[Marcas] ([Id], [Codigo], [Nome], [TipoCodigo]) VALUES (4, 4, N'Citröen             ', 1)
INSERT INTO [dbo].[Marcas] ([Id], [Codigo], [Nome], [TipoCodigo]) VALUES (5, 5, N'Fiat                ', 1)
INSERT INTO [dbo].[Marcas] ([Id], [Codigo], [Nome], [TipoCodigo]) VALUES (6, 6, N'Ford                ', 1)
INSERT INTO [dbo].[Marcas] ([Id], [Codigo], [Nome], [TipoCodigo]) VALUES (7, 7, N'Honda               ', 1)
INSERT INTO [dbo].[Marcas] ([Id], [Codigo], [Nome], [TipoCodigo]) VALUES (8, 8, N'Hyundai             ', 1)
INSERT INTO [dbo].[Marcas] ([Id], [Codigo], [Nome], [TipoCodigo]) VALUES (9, 9, N'Jeep                ', 1)
INSERT INTO [dbo].[Marcas] ([Id], [Codigo], [Nome], [TipoCodigo]) VALUES (10, 10, N'Kia                 ', 1)
INSERT INTO [dbo].[Marcas] ([Id], [Codigo], [Nome], [TipoCodigo]) VALUES (11, 11, N'Mitsubishi          ', 1)
INSERT INTO [dbo].[Marcas] ([Id], [Codigo], [Nome], [TipoCodigo]) VALUES (12, 12, N'Nissan              ', 1)
INSERT INTO [dbo].[Marcas] ([Id], [Codigo], [Nome], [TipoCodigo]) VALUES (13, 13, N'Peugeot             ', 1)
INSERT INTO [dbo].[Marcas] ([Id], [Codigo], [Nome], [TipoCodigo]) VALUES (14, 14, N'Renault             ', 1)
INSERT INTO [dbo].[Marcas] ([Id], [Codigo], [Nome], [TipoCodigo]) VALUES (15, 15, N'Toyota              ', 1)
INSERT INTO [dbo].[Marcas] ([Id], [Codigo], [Nome], [TipoCodigo]) VALUES (16, 16, N'Volkswagen          ', 1)
INSERT INTO [dbo].[Marcas] ([Id], [Codigo], [Nome], [TipoCodigo]) VALUES (17, 17, N'Dafra               ', 2)
INSERT INTO [dbo].[Marcas] ([Id], [Codigo], [Nome], [TipoCodigo]) VALUES (18, 18, N'Suzuki              ', 2)
INSERT INTO [dbo].[Marcas] ([Id], [Codigo], [Nome], [TipoCodigo]) VALUES (19, 19, N'Yamaha              ', 2)
INSERT INTO [dbo].[Marcas] ([Id], [Codigo], [Nome], [TipoCodigo]) VALUES (20, 20, N'Kawasaki            ', 2)
INSERT INTO [dbo].[Marcas] ([Id], [Codigo], [Nome], [TipoCodigo]) VALUES (21, 21, N'Ducati              ', 2)
INSERT INTO [dbo].[Marcas] ([Id], [Codigo], [Nome], [TipoCodigo]) VALUES (22, 22, N'BMW                 ', 2)
INSERT INTO [dbo].[Marcas] ([Id], [Codigo], [Nome], [TipoCodigo]) VALUES (23, 23, N'Honda               ', 2)
SET IDENTITY_INSERT [dbo].[Marcas] OFF

GO

SET IDENTITY_INSERT [dbo].[ModelosVeiculos] ON
INSERT INTO [dbo].[ModelosVeiculos] ([Id], [Modelo], [MarcaCodigo]) VALUES (1, N'100                                               ', 1)
INSERT INTO [dbo].[ModelosVeiculos] ([Id], [Modelo], [MarcaCodigo]) VALUES (2, N'100 Avant                                         ', 1)
INSERT INTO [dbo].[ModelosVeiculos] ([Id], [Modelo], [MarcaCodigo]) VALUES (3, N'80                                                ', 1)
INSERT INTO [dbo].[ModelosVeiculos] ([Id], [Modelo], [MarcaCodigo]) VALUES (4, N'80 Avant                                          ', 1)
INSERT INTO [dbo].[ModelosVeiculos] ([Id], [Modelo], [MarcaCodigo]) VALUES (5, N'80 Cabriolet                                      ', 1)
INSERT INTO [dbo].[ModelosVeiculos] ([Id], [Modelo], [MarcaCodigo]) VALUES (6, N'A1                                                ', 1)
INSERT INTO [dbo].[ModelosVeiculos] ([Id], [Modelo], [MarcaCodigo]) VALUES (7, N'A3                                                ', 1)
INSERT INTO [dbo].[ModelosVeiculos] ([Id], [Modelo], [MarcaCodigo]) VALUES (8, N'A3 Cabriolet                                      ', 1)
INSERT INTO [dbo].[ModelosVeiculos] ([Id], [Modelo], [MarcaCodigo]) VALUES (9, N'A3 Sedan                                          ', 1)
INSERT INTO [dbo].[ModelosVeiculos] ([Id], [Modelo], [MarcaCodigo]) VALUES (10, N'A4                                                ', 1)
INSERT INTO [dbo].[ModelosVeiculos] ([Id], [Modelo], [MarcaCodigo]) VALUES (11, N'A4 Avant                                          ', 1)
INSERT INTO [dbo].[ModelosVeiculos] ([Id], [Modelo], [MarcaCodigo]) VALUES (12, N'A4 Cabriolet                                      ', 1)
INSERT INTO [dbo].[ModelosVeiculos] ([Id], [Modelo], [MarcaCodigo]) VALUES (13, N'A5                                                ', 1)
INSERT INTO [dbo].[ModelosVeiculos] ([Id], [Modelo], [MarcaCodigo]) VALUES (14, N'A6                                                ', 1)
INSERT INTO [dbo].[ModelosVeiculos] ([Id], [Modelo], [MarcaCodigo]) VALUES (15, N'A6 Avant                                          ', 1)
INSERT INTO [dbo].[ModelosVeiculos] ([Id], [Modelo], [MarcaCodigo]) VALUES (16, N'A7                                                ', 1)
INSERT INTO [dbo].[ModelosVeiculos] ([Id], [Modelo], [MarcaCodigo]) VALUES (17, N'A8                                                ', 1)
INSERT INTO [dbo].[ModelosVeiculos] ([Id], [Modelo], [MarcaCodigo]) VALUES (18, N'Allroad Avant                                     ', 1)
INSERT INTO [dbo].[ModelosVeiculos] ([Id], [Modelo], [MarcaCodigo]) VALUES (19, N'Q3                                                ', 1)
INSERT INTO [dbo].[ModelosVeiculos] ([Id], [Modelo], [MarcaCodigo]) VALUES (20, N'Q5                                                ', 1)
INSERT INTO [dbo].[ModelosVeiculos] ([Id], [Modelo], [MarcaCodigo]) VALUES (21, N'Q7                                                ', 1)
INSERT INTO [dbo].[ModelosVeiculos] ([Id], [Modelo], [MarcaCodigo]) VALUES (22, N'R8                                                ', 1)
INSERT INTO [dbo].[ModelosVeiculos] ([Id], [Modelo], [MarcaCodigo]) VALUES (23, N'RS2 Avant                                         ', 1)
INSERT INTO [dbo].[ModelosVeiculos] ([Id], [Modelo], [MarcaCodigo]) VALUES (24, N'RS3                                               ', 1)
INSERT INTO [dbo].[ModelosVeiculos] ([Id], [Modelo], [MarcaCodigo]) VALUES (25, N'RS3 Sedan                                         ', 1)
INSERT INTO [dbo].[ModelosVeiculos] ([Id], [Modelo], [MarcaCodigo]) VALUES (26, N'RS4                                               ', 1)
INSERT INTO [dbo].[ModelosVeiculos] ([Id], [Modelo], [MarcaCodigo]) VALUES (27, N'RS4 Avant                                         ', 1)
INSERT INTO [dbo].[ModelosVeiculos] ([Id], [Modelo], [MarcaCodigo]) VALUES (28, N'RS5                                               ', 1)
INSERT INTO [dbo].[ModelosVeiculos] ([Id], [Modelo], [MarcaCodigo]) VALUES (29, N'RS6                                               ', 1)
INSERT INTO [dbo].[ModelosVeiculos] ([Id], [Modelo], [MarcaCodigo]) VALUES (30, N'RS6 Avant                                         ', 1)
INSERT INTO [dbo].[ModelosVeiculos] ([Id], [Modelo], [MarcaCodigo]) VALUES (31, N'RS7                                               ', 1)
INSERT INTO [dbo].[ModelosVeiculos] ([Id], [Modelo], [MarcaCodigo]) VALUES (32, N'RS Q3                                             ', 1)
INSERT INTO [dbo].[ModelosVeiculos] ([Id], [Modelo], [MarcaCodigo]) VALUES (33, N'S3                                                ', 1)
INSERT INTO [dbo].[ModelosVeiculos] ([Id], [Modelo], [MarcaCodigo]) VALUES (34, N'S3 Sedan                                          ', 1)
INSERT INTO [dbo].[ModelosVeiculos] ([Id], [Modelo], [MarcaCodigo]) VALUES (35, N'S4                                                ', 1)
INSERT INTO [dbo].[ModelosVeiculos] ([Id], [Modelo], [MarcaCodigo]) VALUES (36, N'S4 Avant                                          ', 1)
INSERT INTO [dbo].[ModelosVeiculos] ([Id], [Modelo], [MarcaCodigo]) VALUES (37, N'S5                                                ', 1)
INSERT INTO [dbo].[ModelosVeiculos] ([Id], [Modelo], [MarcaCodigo]) VALUES (38, N'S6                                                ', 1)
INSERT INTO [dbo].[ModelosVeiculos] ([Id], [Modelo], [MarcaCodigo]) VALUES (39, N'S6 Avant                                          ', 1)
INSERT INTO [dbo].[ModelosVeiculos] ([Id], [Modelo], [MarcaCodigo]) VALUES (40, N'S7                                                ', 1)
INSERT INTO [dbo].[ModelosVeiculos] ([Id], [Modelo], [MarcaCodigo]) VALUES (41, N'S8                                                ', 1)
INSERT INTO [dbo].[ModelosVeiculos] ([Id], [Modelo], [MarcaCodigo]) VALUES (42, N'SQ5                                               ', 1)
INSERT INTO [dbo].[ModelosVeiculos] ([Id], [Modelo], [MarcaCodigo]) VALUES (43, N'TT                                                ', 1)
INSERT INTO [dbo].[ModelosVeiculos] ([Id], [Modelo], [MarcaCodigo]) VALUES (44, N'TT RS                                             ', 1)
INSERT INTO [dbo].[ModelosVeiculos] ([Id], [Modelo], [MarcaCodigo]) VALUES (45, N'TTS                                               ', 1)
INSERT INTO [dbo].[ModelosVeiculos] ([Id], [Modelo], [MarcaCodigo]) VALUES (46, N'1M                                                ', 2)
INSERT INTO [dbo].[ModelosVeiculos] ([Id], [Modelo], [MarcaCodigo]) VALUES (47, N'2800                                              ', 2)
INSERT INTO [dbo].[ModelosVeiculos] ([Id], [Modelo], [MarcaCodigo]) VALUES (48, N'I3                                                ', 2)
INSERT INTO [dbo].[ModelosVeiculos] ([Id], [Modelo], [MarcaCodigo]) VALUES (49, N'I8                                                ', 2)
INSERT INTO [dbo].[ModelosVeiculos] ([Id], [Modelo], [MarcaCodigo]) VALUES (50, N'M2                                                ', 2)
INSERT INTO [dbo].[ModelosVeiculos] ([Id], [Modelo], [MarcaCodigo]) VALUES (51, N'M3                                                ', 2)
INSERT INTO [dbo].[ModelosVeiculos] ([Id], [Modelo], [MarcaCodigo]) VALUES (52, N'M3 Cabrio                                         ', 2)
INSERT INTO [dbo].[ModelosVeiculos] ([Id], [Modelo], [MarcaCodigo]) VALUES (53, N'M3 Sedan                                          ', 2)
INSERT INTO [dbo].[ModelosVeiculos] ([Id], [Modelo], [MarcaCodigo]) VALUES (54, N'M4                                                ', 2)
INSERT INTO [dbo].[ModelosVeiculos] ([Id], [Modelo], [MarcaCodigo]) VALUES (55, N'M5                                                ', 2)
INSERT INTO [dbo].[ModelosVeiculos] ([Id], [Modelo], [MarcaCodigo]) VALUES (56, N'M5 Touring                                        ', 2)
INSERT INTO [dbo].[ModelosVeiculos] ([Id], [Modelo], [MarcaCodigo]) VALUES (57, N'M6                                                ', 2)
INSERT INTO [dbo].[ModelosVeiculos] ([Id], [Modelo], [MarcaCodigo]) VALUES (58, N'Série 1                                           ', 2)
INSERT INTO [dbo].[ModelosVeiculos] ([Id], [Modelo], [MarcaCodigo]) VALUES (59, N'Série 1 Cabrio                                    ', 2)
INSERT INTO [dbo].[ModelosVeiculos] ([Id], [Modelo], [MarcaCodigo]) VALUES (60, N'Série 1 Coupé                                     ', 2)
INSERT INTO [dbo].[ModelosVeiculos] ([Id], [Modelo], [MarcaCodigo]) VALUES (61, N'Série 2                                           ', 2)
INSERT INTO [dbo].[ModelosVeiculos] ([Id], [Modelo], [MarcaCodigo]) VALUES (62, N'Série 3                                           ', 2)
INSERT INTO [dbo].[ModelosVeiculos] ([Id], [Modelo], [MarcaCodigo]) VALUES (63, N'Série 3 Cabrio                                    ', 2)
INSERT INTO [dbo].[ModelosVeiculos] ([Id], [Modelo], [MarcaCodigo]) VALUES (64, N'Série 3 Compact                                   ', 2)
INSERT INTO [dbo].[ModelosVeiculos] ([Id], [Modelo], [MarcaCodigo]) VALUES (65, N'Série 3 Coupé                                     ', 2)
INSERT INTO [dbo].[ModelosVeiculos] ([Id], [Modelo], [MarcaCodigo]) VALUES (66, N'Série 3 Touring                                   ', 2)
INSERT INTO [dbo].[ModelosVeiculos] ([Id], [Modelo], [MarcaCodigo]) VALUES (67, N'Série 4                                           ', 2)
INSERT INTO [dbo].[ModelosVeiculos] ([Id], [Modelo], [MarcaCodigo]) VALUES (68, N'Série 5                                           ', 2)
INSERT INTO [dbo].[ModelosVeiculos] ([Id], [Modelo], [MarcaCodigo]) VALUES (69, N'Série 5 Touring                                   ', 2)
INSERT INTO [dbo].[ModelosVeiculos] ([Id], [Modelo], [MarcaCodigo]) VALUES (70, N'Série 6 Cabrio                                    ', 2)
INSERT INTO [dbo].[ModelosVeiculos] ([Id], [Modelo], [MarcaCodigo]) VALUES (71, N'Série 6 Coupé                                     ', 2)
INSERT INTO [dbo].[ModelosVeiculos] ([Id], [Modelo], [MarcaCodigo]) VALUES (72, N'Série 6 Gran Coupé                                ', 2)
INSERT INTO [dbo].[ModelosVeiculos] ([Id], [Modelo], [MarcaCodigo]) VALUES (73, N'Série 7                                           ', 2)
INSERT INTO [dbo].[ModelosVeiculos] ([Id], [Modelo], [MarcaCodigo]) VALUES (74, N'Série 8                                           ', 2)
INSERT INTO [dbo].[ModelosVeiculos] ([Id], [Modelo], [MarcaCodigo]) VALUES (75, N'X1                                                ', 2)
INSERT INTO [dbo].[ModelosVeiculos] ([Id], [Modelo], [MarcaCodigo]) VALUES (76, N'X2                                                ', 2)
INSERT INTO [dbo].[ModelosVeiculos] ([Id], [Modelo], [MarcaCodigo]) VALUES (77, N'X3                                                ', 2)
INSERT INTO [dbo].[ModelosVeiculos] ([Id], [Modelo], [MarcaCodigo]) VALUES (78, N'X4                                                ', 2)
INSERT INTO [dbo].[ModelosVeiculos] ([Id], [Modelo], [MarcaCodigo]) VALUES (79, N'X5                                                ', 2)
INSERT INTO [dbo].[ModelosVeiculos] ([Id], [Modelo], [MarcaCodigo]) VALUES (80, N'X6                                                ', 2)
INSERT INTO [dbo].[ModelosVeiculos] ([Id], [Modelo], [MarcaCodigo]) VALUES (81, N'Z3                                                ', 2)
INSERT INTO [dbo].[ModelosVeiculos] ([Id], [Modelo], [MarcaCodigo]) VALUES (82, N'Z4 Coupé                                          ', 2)
INSERT INTO [dbo].[ModelosVeiculos] ([Id], [Modelo], [MarcaCodigo]) VALUES (83, N'Z4 Roadster                                       ', 2)
INSERT INTO [dbo].[ModelosVeiculos] ([Id], [Modelo], [MarcaCodigo]) VALUES (84, N'Z8                                                ', 2)
INSERT INTO [dbo].[ModelosVeiculos] ([Id], [Modelo], [MarcaCodigo]) VALUES (85, N'A10                                               ', 3)
INSERT INTO [dbo].[ModelosVeiculos] ([Id], [Modelo], [MarcaCodigo]) VALUES (86, N'A20                                               ', 3)
INSERT INTO [dbo].[ModelosVeiculos] ([Id], [Modelo], [MarcaCodigo]) VALUES (87, N'Agile                                             ', 3)
INSERT INTO [dbo].[ModelosVeiculos] ([Id], [Modelo], [MarcaCodigo]) VALUES (88, N'Astra Hatch                                       ', 3)
INSERT INTO [dbo].[ModelosVeiculos] ([Id], [Modelo], [MarcaCodigo]) VALUES (89, N'Astra Sedan                                       ', 3)
INSERT INTO [dbo].[ModelosVeiculos] ([Id], [Modelo], [MarcaCodigo]) VALUES (90, N'Astra Wagon                                       ', 3)
INSERT INTO [dbo].[ModelosVeiculos] ([Id], [Modelo], [MarcaCodigo]) VALUES (91, N'Astrovan                                          ', 3)
INSERT INTO [dbo].[ModelosVeiculos] ([Id], [Modelo], [MarcaCodigo]) VALUES (92, N'Bel Air                                           ', 3)
INSERT INTO [dbo].[ModelosVeiculos] ([Id], [Modelo], [MarcaCodigo]) VALUES (93, N'Blazer                                            ', 3)
INSERT INTO [dbo].[ModelosVeiculos] ([Id], [Modelo], [MarcaCodigo]) VALUES (94, N'Bonanza                                           ', 3)
INSERT INTO [dbo].[ModelosVeiculos] ([Id], [Modelo], [MarcaCodigo]) VALUES (95, N'Brasil                                            ', 3)
INSERT INTO [dbo].[ModelosVeiculos] ([Id], [Modelo], [MarcaCodigo]) VALUES (96, N'Brasinca                                          ', 3)
INSERT INTO [dbo].[ModelosVeiculos] ([Id], [Modelo], [MarcaCodigo]) VALUES (97, N'C10                                               ', 3)
INSERT INTO [dbo].[ModelosVeiculos] ([Id], [Modelo], [MarcaCodigo]) VALUES (98, N'C14                                               ', 3)
INSERT INTO [dbo].[ModelosVeiculos] ([Id], [Modelo], [MarcaCodigo]) VALUES (99, N'C20                                               ', 3)
INSERT INTO [dbo].[ModelosVeiculos] ([Id], [Modelo], [MarcaCodigo]) VALUES (100, N'Calibra Coupe                                     ', 3)
INSERT INTO [dbo].[ModelosVeiculos] ([Id], [Modelo], [MarcaCodigo]) VALUES (101, N'Camaro                                            ', 3)
INSERT INTO [dbo].[ModelosVeiculos] ([Id], [Modelo], [MarcaCodigo]) VALUES (102, N'Caprice Sedan                                     ', 3)
INSERT INTO [dbo].[ModelosVeiculos] ([Id], [Modelo], [MarcaCodigo]) VALUES (103, N'Caprice Wagon                                     ', 3)
INSERT INTO [dbo].[ModelosVeiculos] ([Id], [Modelo], [MarcaCodigo]) VALUES (104, N'Captiva                                           ', 3)
INSERT INTO [dbo].[ModelosVeiculos] ([Id], [Modelo], [MarcaCodigo]) VALUES (105, N'Caravan                                           ', 3)
INSERT INTO [dbo].[ModelosVeiculos] ([Id], [Modelo], [MarcaCodigo]) VALUES (106, N'Cavalier                                          ', 3)
INSERT INTO [dbo].[ModelosVeiculos] ([Id], [Modelo], [MarcaCodigo]) VALUES (107, N'Celta                                             ', 3)
INSERT INTO [dbo].[ModelosVeiculos] ([Id], [Modelo], [MarcaCodigo]) VALUES (108, N'Chevette Hatch                                    ', 3)
INSERT INTO [dbo].[ModelosVeiculos] ([Id], [Modelo], [MarcaCodigo]) VALUES (109, N'Chevette Sedan                                    ', 3)
INSERT INTO [dbo].[ModelosVeiculos] ([Id], [Modelo], [MarcaCodigo]) VALUES (110, N'Chevy 500                                         ', 3)
INSERT INTO [dbo].[ModelosVeiculos] ([Id], [Modelo], [MarcaCodigo]) VALUES (111, N'Cheyenne                                          ', 3)
INSERT INTO [dbo].[ModelosVeiculos] ([Id], [Modelo], [MarcaCodigo]) VALUES (112, N'Classic                                           ', 3)
INSERT INTO [dbo].[ModelosVeiculos] ([Id], [Modelo], [MarcaCodigo]) VALUES (113, N'Cobalt                                            ', 3)
INSERT INTO [dbo].[ModelosVeiculos] ([Id], [Modelo], [MarcaCodigo]) VALUES (114, N'Colorado                                          ', 3)
INSERT INTO [dbo].[ModelosVeiculos] ([Id], [Modelo], [MarcaCodigo]) VALUES (115, N'Corsa Hatch                                       ', 3)
INSERT INTO [dbo].[ModelosVeiculos] ([Id], [Modelo], [MarcaCodigo]) VALUES (116, N'Corsa Pick-Up                                     ', 3)
INSERT INTO [dbo].[ModelosVeiculos] ([Id], [Modelo], [MarcaCodigo]) VALUES (117, N'Corsa Sedan                                       ', 3)
INSERT INTO [dbo].[ModelosVeiculos] ([Id], [Modelo], [MarcaCodigo]) VALUES (118, N'Corsa Wagon                                       ', 3)
INSERT INTO [dbo].[ModelosVeiculos] ([Id], [Modelo], [MarcaCodigo]) VALUES (119, N'Corsica Sedan                                     ', 3)
INSERT INTO [dbo].[ModelosVeiculos] ([Id], [Modelo], [MarcaCodigo]) VALUES (120, N'Corvette                                          ', 3)
INSERT INTO [dbo].[ModelosVeiculos] ([Id], [Modelo], [MarcaCodigo]) VALUES (121, N'Cruze                                             ', 3)
INSERT INTO [dbo].[ModelosVeiculos] ([Id], [Modelo], [MarcaCodigo]) VALUES (122, N'Cruze Sport6                                      ', 3)
INSERT INTO [dbo].[ModelosVeiculos] ([Id], [Modelo], [MarcaCodigo]) VALUES (123, N'D10                                               ', 3)
INSERT INTO [dbo].[ModelosVeiculos] ([Id], [Modelo], [MarcaCodigo]) VALUES (124, N'D20                                               ', 3)
INSERT INTO [dbo].[ModelosVeiculos] ([Id], [Modelo], [MarcaCodigo]) VALUES (125, N'Equinox                                           ', 3)
INSERT INTO [dbo].[ModelosVeiculos] ([Id], [Modelo], [MarcaCodigo]) VALUES (126, N'HHR                                               ', 3)
INSERT INTO [dbo].[ModelosVeiculos] ([Id], [Modelo], [MarcaCodigo]) VALUES (127, N'Impala                                            ', 3)
INSERT INTO [dbo].[ModelosVeiculos] ([Id], [Modelo], [MarcaCodigo]) VALUES (128, N'Ipanema                                           ', 3)
INSERT INTO [dbo].[ModelosVeiculos] ([Id], [Modelo], [MarcaCodigo]) VALUES (129, N'Kadett                                            ', 3)
INSERT INTO [dbo].[ModelosVeiculos] ([Id], [Modelo], [MarcaCodigo]) VALUES (130, N'Kadett Conversivel                                ', 3)
INSERT INTO [dbo].[ModelosVeiculos] ([Id], [Modelo], [MarcaCodigo]) VALUES (131, N'Lumina APV                                        ', 3)
INSERT INTO [dbo].[ModelosVeiculos] ([Id], [Modelo], [MarcaCodigo]) VALUES (132, N'Lumina Sedan                                      ', 3)
INSERT INTO [dbo].[ModelosVeiculos] ([Id], [Modelo], [MarcaCodigo]) VALUES (133, N'Malibu                                            ', 3)
INSERT INTO [dbo].[ModelosVeiculos] ([Id], [Modelo], [MarcaCodigo]) VALUES (134, N'Marajo                                            ', 3)
INSERT INTO [dbo].[ModelosVeiculos] ([Id], [Modelo], [MarcaCodigo]) VALUES (135, N'Meriva                                            ', 3)
INSERT INTO [dbo].[ModelosVeiculos] ([Id], [Modelo], [MarcaCodigo]) VALUES (136, N'Montana                                           ', 3)
INSERT INTO [dbo].[ModelosVeiculos] ([Id], [Modelo], [MarcaCodigo]) VALUES (137, N'Montana Combo                                     ', 3)
INSERT INTO [dbo].[ModelosVeiculos] ([Id], [Modelo], [MarcaCodigo]) VALUES (138, N'Monza                                             ', 3)
INSERT INTO [dbo].[ModelosVeiculos] ([Id], [Modelo], [MarcaCodigo]) VALUES (139, N'Monza Hatch                                       ', 3)
INSERT INTO [dbo].[ModelosVeiculos] ([Id], [Modelo], [MarcaCodigo]) VALUES (140, N'Omega                                             ', 3)
INSERT INTO [dbo].[ModelosVeiculos] ([Id], [Modelo], [MarcaCodigo]) VALUES (141, N'Onix                                              ', 3)
INSERT INTO [dbo].[ModelosVeiculos] ([Id], [Modelo], [MarcaCodigo]) VALUES (142, N'Opala                                             ', 3)
INSERT INTO [dbo].[ModelosVeiculos] ([Id], [Modelo], [MarcaCodigo]) VALUES (143, N'Opala Coupe                                       ', 3)
INSERT INTO [dbo].[ModelosVeiculos] ([Id], [Modelo], [MarcaCodigo]) VALUES (144, N'Pick Up Chevrolet                                 ', 3)
INSERT INTO [dbo].[ModelosVeiculos] ([Id], [Modelo], [MarcaCodigo]) VALUES (145, N'Prisma                                            ', 3)
INSERT INTO [dbo].[ModelosVeiculos] ([Id], [Modelo], [MarcaCodigo]) VALUES (146, N'S10 Cabine Dupla                                  ', 3)
INSERT INTO [dbo].[ModelosVeiculos] ([Id], [Modelo], [MarcaCodigo]) VALUES (147, N'S10 Cabine Simples                                ', 3)
INSERT INTO [dbo].[ModelosVeiculos] ([Id], [Modelo], [MarcaCodigo]) VALUES (148, N'Silverado                                         ', 3)
INSERT INTO [dbo].[ModelosVeiculos] ([Id], [Modelo], [MarcaCodigo]) VALUES (149, N'Sonic                                             ', 3)
INSERT INTO [dbo].[ModelosVeiculos] ([Id], [Modelo], [MarcaCodigo]) VALUES (150, N'Sonic Sedan                                       ', 3)
INSERT INTO [dbo].[ModelosVeiculos] ([Id], [Modelo], [MarcaCodigo]) VALUES (151, N'Space Van                                         ', 3)
INSERT INTO [dbo].[ModelosVeiculos] ([Id], [Modelo], [MarcaCodigo]) VALUES (152, N'Spin                                              ', 3)
INSERT INTO [dbo].[ModelosVeiculos] ([Id], [Modelo], [MarcaCodigo]) VALUES (153, N'SS10                                              ', 3)
INSERT INTO [dbo].[ModelosVeiculos] ([Id], [Modelo], [MarcaCodigo]) VALUES (154, N'SSR                                               ', 3)
INSERT INTO [dbo].[ModelosVeiculos] ([Id], [Modelo], [MarcaCodigo]) VALUES (155, N'Suburban                                          ', 3)
INSERT INTO [dbo].[ModelosVeiculos] ([Id], [Modelo], [MarcaCodigo]) VALUES (156, N'Suprema                                           ', 3)
INSERT INTO [dbo].[ModelosVeiculos] ([Id], [Modelo], [MarcaCodigo]) VALUES (157, N'Tigra                                             ', 3)
INSERT INTO [dbo].[ModelosVeiculos] ([Id], [Modelo], [MarcaCodigo]) VALUES (158, N'Tracker                                           ', 3)
INSERT INTO [dbo].[ModelosVeiculos] ([Id], [Modelo], [MarcaCodigo]) VALUES (159, N'Trafic                                            ', 3)
INSERT INTO [dbo].[ModelosVeiculos] ([Id], [Modelo], [MarcaCodigo]) VALUES (160, N'TrailBlazer                                       ', 3)
INSERT INTO [dbo].[ModelosVeiculos] ([Id], [Modelo], [MarcaCodigo]) VALUES (161, N'Vectra                                            ', 3)
INSERT INTO [dbo].[ModelosVeiculos] ([Id], [Modelo], [MarcaCodigo]) VALUES (162, N'Vectra GT                                         ', 3)
INSERT INTO [dbo].[ModelosVeiculos] ([Id], [Modelo], [MarcaCodigo]) VALUES (163, N'Veraneio                                          ', 3)
INSERT INTO [dbo].[ModelosVeiculos] ([Id], [Modelo], [MarcaCodigo]) VALUES (164, N'Zafira                                            ', 3)
INSERT INTO [dbo].[ModelosVeiculos] ([Id], [Modelo], [MarcaCodigo]) VALUES (165, N'Aircross                                          ', 4)
INSERT INTO [dbo].[ModelosVeiculos] ([Id], [Modelo], [MarcaCodigo]) VALUES (166, N'AX                                                ', 4)
INSERT INTO [dbo].[ModelosVeiculos] ([Id], [Modelo], [MarcaCodigo]) VALUES (167, N'Berlingo                                          ', 4)
INSERT INTO [dbo].[ModelosVeiculos] ([Id], [Modelo], [MarcaCodigo]) VALUES (168, N'BX                                                ', 4)
INSERT INTO [dbo].[ModelosVeiculos] ([Id], [Modelo], [MarcaCodigo]) VALUES (169, N'C3                                                ', 4)
INSERT INTO [dbo].[ModelosVeiculos] ([Id], [Modelo], [MarcaCodigo]) VALUES (170, N'C3 Picasso                                        ', 4)
INSERT INTO [dbo].[ModelosVeiculos] ([Id], [Modelo], [MarcaCodigo]) VALUES (171, N'C4                                                ', 4)
INSERT INTO [dbo].[ModelosVeiculos] ([Id], [Modelo], [MarcaCodigo]) VALUES (172, N'C4 Cactus                                         ', 4)
INSERT INTO [dbo].[ModelosVeiculos] ([Id], [Modelo], [MarcaCodigo]) VALUES (173, N'C4 Lounge                                         ', 4)
INSERT INTO [dbo].[ModelosVeiculos] ([Id], [Modelo], [MarcaCodigo]) VALUES (174, N'C4 Pallas                                         ', 4)
INSERT INTO [dbo].[ModelosVeiculos] ([Id], [Modelo], [MarcaCodigo]) VALUES (175, N'C4 Picasso                                        ', 4)
INSERT INTO [dbo].[ModelosVeiculos] ([Id], [Modelo], [MarcaCodigo]) VALUES (176, N'C4 VTR                                            ', 4)
INSERT INTO [dbo].[ModelosVeiculos] ([Id], [Modelo], [MarcaCodigo]) VALUES (177, N'C5                                                ', 4)
INSERT INTO [dbo].[ModelosVeiculos] ([Id], [Modelo], [MarcaCodigo]) VALUES (178, N'C5 Break                                          ', 4)
INSERT INTO [dbo].[ModelosVeiculos] ([Id], [Modelo], [MarcaCodigo]) VALUES (179, N'C5 Tourer                                         ', 4)
INSERT INTO [dbo].[ModelosVeiculos] ([Id], [Modelo], [MarcaCodigo]) VALUES (180, N'C6                                                ', 4)
INSERT INTO [dbo].[ModelosVeiculos] ([Id], [Modelo], [MarcaCodigo]) VALUES (181, N'C8                                                ', 4)
INSERT INTO [dbo].[ModelosVeiculos] ([Id], [Modelo], [MarcaCodigo]) VALUES (182, N'DS3                                               ', 4)
INSERT INTO [dbo].[ModelosVeiculos] ([Id], [Modelo], [MarcaCodigo]) VALUES (183, N'DS4                                               ', 4)
INSERT INTO [dbo].[ModelosVeiculos] ([Id], [Modelo], [MarcaCodigo]) VALUES (184, N'DS5                                               ', 4)
INSERT INTO [dbo].[ModelosVeiculos] ([Id], [Modelo], [MarcaCodigo]) VALUES (185, N'Evasion                                           ', 4)
INSERT INTO [dbo].[ModelosVeiculos] ([Id], [Modelo], [MarcaCodigo]) VALUES (186, N'Grand C4 Picasso                                  ', 4)
INSERT INTO [dbo].[ModelosVeiculos] ([Id], [Modelo], [MarcaCodigo]) VALUES (187, N'Jumper                                            ', 4)
INSERT INTO [dbo].[ModelosVeiculos] ([Id], [Modelo], [MarcaCodigo]) VALUES (188, N'Jumpy                                             ', 4)
INSERT INTO [dbo].[ModelosVeiculos] ([Id], [Modelo], [MarcaCodigo]) VALUES (189, N'Xantia                                            ', 4)
INSERT INTO [dbo].[ModelosVeiculos] ([Id], [Modelo], [MarcaCodigo]) VALUES (190, N'Xantia Break                                      ', 4)
INSERT INTO [dbo].[ModelosVeiculos] ([Id], [Modelo], [MarcaCodigo]) VALUES (191, N'XM                                                ', 4)
INSERT INTO [dbo].[ModelosVeiculos] ([Id], [Modelo], [MarcaCodigo]) VALUES (192, N'XM Break                                          ', 4)
INSERT INTO [dbo].[ModelosVeiculos] ([Id], [Modelo], [MarcaCodigo]) VALUES (193, N'Xsara                                             ', 4)
INSERT INTO [dbo].[ModelosVeiculos] ([Id], [Modelo], [MarcaCodigo]) VALUES (194, N'Xsara Break                                       ', 4)
INSERT INTO [dbo].[ModelosVeiculos] ([Id], [Modelo], [MarcaCodigo]) VALUES (195, N'Xsara Coupe                                       ', 4)
INSERT INTO [dbo].[ModelosVeiculos] ([Id], [Modelo], [MarcaCodigo]) VALUES (196, N'Xsara Picasso                                     ', 4)
INSERT INTO [dbo].[ModelosVeiculos] ([Id], [Modelo], [MarcaCodigo]) VALUES (197, N'ZX                                                ', 4)
INSERT INTO [dbo].[ModelosVeiculos] ([Id], [Modelo], [MarcaCodigo]) VALUES (198, N'147                                               ', 5)
INSERT INTO [dbo].[ModelosVeiculos] ([Id], [Modelo], [MarcaCodigo]) VALUES (199, N'147 Furgao                                        ', 5)
INSERT INTO [dbo].[ModelosVeiculos] ([Id], [Modelo], [MarcaCodigo]) VALUES (200, N'147 Pick-Up                                       ', 5)
INSERT INTO [dbo].[ModelosVeiculos] ([Id], [Modelo], [MarcaCodigo]) VALUES (201, N'500                                               ', 5)
INSERT INTO [dbo].[ModelosVeiculos] ([Id], [Modelo], [MarcaCodigo]) VALUES (202, N'Argo                                              ', 5)
INSERT INTO [dbo].[ModelosVeiculos] ([Id], [Modelo], [MarcaCodigo]) VALUES (203, N'Brava                                             ', 5)
INSERT INTO [dbo].[ModelosVeiculos] ([Id], [Modelo], [MarcaCodigo]) VALUES (204, N'Bravo                                             ', 5)
INSERT INTO [dbo].[ModelosVeiculos] ([Id], [Modelo], [MarcaCodigo]) VALUES (205, N'Cinquecento                                       ', 5)
INSERT INTO [dbo].[ModelosVeiculos] ([Id], [Modelo], [MarcaCodigo]) VALUES (206, N'Coupe                                             ', 5)
INSERT INTO [dbo].[ModelosVeiculos] ([Id], [Modelo], [MarcaCodigo]) VALUES (207, N'Cronos                                            ', 5)
INSERT INTO [dbo].[ModelosVeiculos] ([Id], [Modelo], [MarcaCodigo]) VALUES (208, N'Doblò                                             ', 5)
INSERT INTO [dbo].[ModelosVeiculos] ([Id], [Modelo], [MarcaCodigo]) VALUES (209, N'Doblò Cargo                                       ', 5)
INSERT INTO [dbo].[ModelosVeiculos] ([Id], [Modelo], [MarcaCodigo]) VALUES (210, N'Ducato                                            ', 5)
INSERT INTO [dbo].[ModelosVeiculos] ([Id], [Modelo], [MarcaCodigo]) VALUES (211, N'Duna                                              ', 5)
INSERT INTO [dbo].[ModelosVeiculos] ([Id], [Modelo], [MarcaCodigo]) VALUES (212, N'Elba                                              ', 5)
INSERT INTO [dbo].[ModelosVeiculos] ([Id], [Modelo], [MarcaCodigo]) VALUES (213, N'Fiorino                                           ', 5)
INSERT INTO [dbo].[ModelosVeiculos] ([Id], [Modelo], [MarcaCodigo]) VALUES (214, N'Fiorino Pick-Up                                   ', 5)
INSERT INTO [dbo].[ModelosVeiculos] ([Id], [Modelo], [MarcaCodigo]) VALUES (215, N'Freemont                                          ', 5)
INSERT INTO [dbo].[ModelosVeiculos] ([Id], [Modelo], [MarcaCodigo]) VALUES (216, N'Grand Siena                                       ', 5)
INSERT INTO [dbo].[ModelosVeiculos] ([Id], [Modelo], [MarcaCodigo]) VALUES (217, N'Idea                                              ', 5)
INSERT INTO [dbo].[ModelosVeiculos] ([Id], [Modelo], [MarcaCodigo]) VALUES (218, N'Linea                                             ', 5)
INSERT INTO [dbo].[ModelosVeiculos] ([Id], [Modelo], [MarcaCodigo]) VALUES (219, N'Marea                                             ', 5)
INSERT INTO [dbo].[ModelosVeiculos] ([Id], [Modelo], [MarcaCodigo]) VALUES (220, N'Marea Weekend                                     ', 5)
INSERT INTO [dbo].[ModelosVeiculos] ([Id], [Modelo], [MarcaCodigo]) VALUES (221, N'Mobi                                              ', 5)
INSERT INTO [dbo].[ModelosVeiculos] ([Id], [Modelo], [MarcaCodigo]) VALUES (222, N'Oggi                                              ', 5)
INSERT INTO [dbo].[ModelosVeiculos] ([Id], [Modelo], [MarcaCodigo]) VALUES (223, N'Palio                                             ', 5)
INSERT INTO [dbo].[ModelosVeiculos] ([Id], [Modelo], [MarcaCodigo]) VALUES (224, N'Palio Weekend                                     ', 5)
INSERT INTO [dbo].[ModelosVeiculos] ([Id], [Modelo], [MarcaCodigo]) VALUES (225, N'Panorama                                          ', 5)
INSERT INTO [dbo].[ModelosVeiculos] ([Id], [Modelo], [MarcaCodigo]) VALUES (226, N'Premio                                            ', 5)
INSERT INTO [dbo].[ModelosVeiculos] ([Id], [Modelo], [MarcaCodigo]) VALUES (227, N'Punto                                             ', 5)
INSERT INTO [dbo].[ModelosVeiculos] ([Id], [Modelo], [MarcaCodigo]) VALUES (228, N'Punto Cabrio                                      ', 5)
INSERT INTO [dbo].[ModelosVeiculos] ([Id], [Modelo], [MarcaCodigo]) VALUES (229, N'Siena                                             ', 5)
INSERT INTO [dbo].[ModelosVeiculos] ([Id], [Modelo], [MarcaCodigo]) VALUES (230, N'Stilo                                             ', 5)
INSERT INTO [dbo].[ModelosVeiculos] ([Id], [Modelo], [MarcaCodigo]) VALUES (231, N'Strada                                            ', 5)
INSERT INTO [dbo].[ModelosVeiculos] ([Id], [Modelo], [MarcaCodigo]) VALUES (232, N'Tempra                                            ', 5)
INSERT INTO [dbo].[ModelosVeiculos] ([Id], [Modelo], [MarcaCodigo]) VALUES (233, N'TipoCodigo                                        ', 5)
INSERT INTO [dbo].[ModelosVeiculos] ([Id], [Modelo], [MarcaCodigo]) VALUES (234, N'Toro                                              ', 5)
INSERT INTO [dbo].[ModelosVeiculos] ([Id], [Modelo], [MarcaCodigo]) VALUES (235, N'Uno                                               ', 5)
INSERT INTO [dbo].[ModelosVeiculos] ([Id], [Modelo], [MarcaCodigo]) VALUES (236, N'Uno Furgão                                        ', 5)
INSERT INTO [dbo].[ModelosVeiculos] ([Id], [Modelo], [MarcaCodigo]) VALUES (237, N'Uno Mille                                         ', 5)
INSERT INTO [dbo].[ModelosVeiculos] ([Id], [Modelo], [MarcaCodigo]) VALUES (238, N'Uno Pick-Up                                       ', 5)
INSERT INTO [dbo].[ModelosVeiculos] ([Id], [Modelo], [MarcaCodigo]) VALUES (239, N'Weekend                                           ', 5)
INSERT INTO [dbo].[ModelosVeiculos] ([Id], [Modelo], [MarcaCodigo]) VALUES (240, N'Aerostar                                          ', 6)
INSERT INTO [dbo].[ModelosVeiculos] ([Id], [Modelo], [MarcaCodigo]) VALUES (241, N'Aspire                                            ', 6)
INSERT INTO [dbo].[ModelosVeiculos] ([Id], [Modelo], [MarcaCodigo]) VALUES (242, N'Belina                                            ', 6)
INSERT INTO [dbo].[ModelosVeiculos] ([Id], [Modelo], [MarcaCodigo]) VALUES (243, N'Bronco                                            ', 6)
INSERT INTO [dbo].[ModelosVeiculos] ([Id], [Modelo], [MarcaCodigo]) VALUES (244, N'Club Wagon                                        ', 6)
INSERT INTO [dbo].[ModelosVeiculos] ([Id], [Modelo], [MarcaCodigo]) VALUES (245, N'Contour                                           ', 6)
INSERT INTO [dbo].[ModelosVeiculos] ([Id], [Modelo], [MarcaCodigo]) VALUES (246, N'Corcel                                            ', 6)
INSERT INTO [dbo].[ModelosVeiculos] ([Id], [Modelo], [MarcaCodigo]) VALUES (247, N'Coupe Deluxe                                      ', 6)
INSERT INTO [dbo].[ModelosVeiculos] ([Id], [Modelo], [MarcaCodigo]) VALUES (248, N'Courier                                           ', 6)
INSERT INTO [dbo].[ModelosVeiculos] ([Id], [Modelo], [MarcaCodigo]) VALUES (249, N'Courier Van                                       ', 6)
INSERT INTO [dbo].[ModelosVeiculos] ([Id], [Modelo], [MarcaCodigo]) VALUES (250, N'Crown Victoria                                    ', 6)
INSERT INTO [dbo].[ModelosVeiculos] ([Id], [Modelo], [MarcaCodigo]) VALUES (251, N'Del Rey                                           ', 6)
INSERT INTO [dbo].[ModelosVeiculos] ([Id], [Modelo], [MarcaCodigo]) VALUES (252, N'Del Rey Belina / Scala                            ', 6)
INSERT INTO [dbo].[ModelosVeiculos] ([Id], [Modelo], [MarcaCodigo]) VALUES (253, N'EcoSport                                          ', 6)
INSERT INTO [dbo].[ModelosVeiculos] ([Id], [Modelo], [MarcaCodigo]) VALUES (254, N'Edge                                              ', 6)
INSERT INTO [dbo].[ModelosVeiculos] ([Id], [Modelo], [MarcaCodigo]) VALUES (255, N'Escape                                            ', 6)
INSERT INTO [dbo].[ModelosVeiculos] ([Id], [Modelo], [MarcaCodigo]) VALUES (256, N'Escort                                            ', 6)
INSERT INTO [dbo].[ModelosVeiculos] ([Id], [Modelo], [MarcaCodigo]) VALUES (257, N'Escort Conversivel                                ', 6)
INSERT INTO [dbo].[ModelosVeiculos] ([Id], [Modelo], [MarcaCodigo]) VALUES (258, N'Escort Sedan                                      ', 6)
INSERT INTO [dbo].[ModelosVeiculos] ([Id], [Modelo], [MarcaCodigo]) VALUES (259, N'Escort SW                                         ', 6)
INSERT INTO [dbo].[ModelosVeiculos] ([Id], [Modelo], [MarcaCodigo]) VALUES (260, N'Excursion                                         ', 6)
INSERT INTO [dbo].[ModelosVeiculos] ([Id], [Modelo], [MarcaCodigo]) VALUES (261, N'Expedition                                        ', 6)
INSERT INTO [dbo].[ModelosVeiculos] ([Id], [Modelo], [MarcaCodigo]) VALUES (262, N'Explorer                                          ', 6)
INSERT INTO [dbo].[ModelosVeiculos] ([Id], [Modelo], [MarcaCodigo]) VALUES (263, N'F-1                                               ', 6)
INSERT INTO [dbo].[ModelosVeiculos] ([Id], [Modelo], [MarcaCodigo]) VALUES (264, N'F-100                                             ', 6)
INSERT INTO [dbo].[ModelosVeiculos] ([Id], [Modelo], [MarcaCodigo]) VALUES (265, N'F-1000                                            ', 6)
INSERT INTO [dbo].[ModelosVeiculos] ([Id], [Modelo], [MarcaCodigo]) VALUES (266, N'F-150                                             ', 6)
INSERT INTO [dbo].[ModelosVeiculos] ([Id], [Modelo], [MarcaCodigo]) VALUES (267, N'F-250                                             ', 6)
INSERT INTO [dbo].[ModelosVeiculos] ([Id], [Modelo], [MarcaCodigo]) VALUES (268, N'F-350                                             ', 6)
INSERT INTO [dbo].[ModelosVeiculos] ([Id], [Modelo], [MarcaCodigo]) VALUES (269, N'F-4000                                            ', 6)
INSERT INTO [dbo].[ModelosVeiculos] ([Id], [Modelo], [MarcaCodigo]) VALUES (270, N'F75                                               ', 6)
INSERT INTO [dbo].[ModelosVeiculos] ([Id], [Modelo], [MarcaCodigo]) VALUES (271, N'Fairlane                                          ', 6)
INSERT INTO [dbo].[ModelosVeiculos] ([Id], [Modelo], [MarcaCodigo]) VALUES (272, N'Fiesta Hatch                                      ', 6)
INSERT INTO [dbo].[ModelosVeiculos] ([Id], [Modelo], [MarcaCodigo]) VALUES (273, N'Fiesta Sedan                                      ', 6)
INSERT INTO [dbo].[ModelosVeiculos] ([Id], [Modelo], [MarcaCodigo]) VALUES (274, N'Focus Hatch                                       ', 6)
INSERT INTO [dbo].[ModelosVeiculos] ([Id], [Modelo], [MarcaCodigo]) VALUES (275, N'Focus Sedan                                       ', 6)
INSERT INTO [dbo].[ModelosVeiculos] ([Id], [Modelo], [MarcaCodigo]) VALUES (276, N'Ford 1929                                         ', 6)
INSERT INTO [dbo].[ModelosVeiculos] ([Id], [Modelo], [MarcaCodigo]) VALUES (277, N'Furglaine                                         ', 6)
INSERT INTO [dbo].[ModelosVeiculos] ([Id], [Modelo], [MarcaCodigo]) VALUES (278, N'Fusion                                            ', 6)
INSERT INTO [dbo].[ModelosVeiculos] ([Id], [Modelo], [MarcaCodigo]) VALUES (279, N'Galaxie                                           ', 6)
INSERT INTO [dbo].[ModelosVeiculos] ([Id], [Modelo], [MarcaCodigo]) VALUES (280, N'GT                                                ', 6)
INSERT INTO [dbo].[ModelosVeiculos] ([Id], [Modelo], [MarcaCodigo]) VALUES (281, N'Ibiza                                             ', 6)
INSERT INTO [dbo].[ModelosVeiculos] ([Id], [Modelo], [MarcaCodigo]) VALUES (282, N'Jeep                                              ', 6)
INSERT INTO [dbo].[ModelosVeiculos] ([Id], [Modelo], [MarcaCodigo]) VALUES (283, N'Ka+                                               ', 6)
INSERT INTO [dbo].[ModelosVeiculos] ([Id], [Modelo], [MarcaCodigo]) VALUES (284, N'Ka Hatch                                          ', 6)
INSERT INTO [dbo].[ModelosVeiculos] ([Id], [Modelo], [MarcaCodigo]) VALUES (285, N'Landau                                            ', 6)
INSERT INTO [dbo].[ModelosVeiculos] ([Id], [Modelo], [MarcaCodigo]) VALUES (286, N'Lincoln                                           ', 6)
INSERT INTO [dbo].[ModelosVeiculos] ([Id], [Modelo], [MarcaCodigo]) VALUES (287, N'Maverick                                          ', 6)
INSERT INTO [dbo].[ModelosVeiculos] ([Id], [Modelo], [MarcaCodigo]) VALUES (288, N'Mondeo                                            ', 6)
INSERT INTO [dbo].[ModelosVeiculos] ([Id], [Modelo], [MarcaCodigo]) VALUES (289, N'Mondeo Wagon                                      ', 6)
INSERT INTO [dbo].[ModelosVeiculos] ([Id], [Modelo], [MarcaCodigo]) VALUES (290, N'Mustang                                           ', 6)
INSERT INTO [dbo].[ModelosVeiculos] ([Id], [Modelo], [MarcaCodigo]) VALUES (291, N'New Fiesta Hatch                                  ', 6)
INSERT INTO [dbo].[ModelosVeiculos] ([Id], [Modelo], [MarcaCodigo]) VALUES (292, N'New Fiesta Sedan                                  ', 6)
INSERT INTO [dbo].[ModelosVeiculos] ([Id], [Modelo], [MarcaCodigo]) VALUES (293, N'Pampa                                             ', 6)
INSERT INTO [dbo].[ModelosVeiculos] ([Id], [Modelo], [MarcaCodigo]) VALUES (294, N'Probe                                             ', 6)
INSERT INTO [dbo].[ModelosVeiculos] ([Id], [Modelo], [MarcaCodigo]) VALUES (295, N'Ranger (Cabine Dupla)                             ', 6)
INSERT INTO [dbo].[ModelosVeiculos] ([Id], [Modelo], [MarcaCodigo]) VALUES (296, N'Ranger (Cabine Simples-Estendida)                 ', 6)
INSERT INTO [dbo].[ModelosVeiculos] ([Id], [Modelo], [MarcaCodigo]) VALUES (297, N'Rural                                             ', 6)
INSERT INTO [dbo].[ModelosVeiculos] ([Id], [Modelo], [MarcaCodigo]) VALUES (298, N'Taurus                                            ', 6)
INSERT INTO [dbo].[ModelosVeiculos] ([Id], [Modelo], [MarcaCodigo]) VALUES (299, N'Taurus Wagon                                      ', 6)
INSERT INTO [dbo].[ModelosVeiculos] ([Id], [Modelo], [MarcaCodigo]) VALUES (300, N'Thunderbird                                       ', 6)
INSERT INTO [dbo].[ModelosVeiculos] ([Id], [Modelo], [MarcaCodigo]) VALUES (301, N'Transit                                           ', 6)
INSERT INTO [dbo].[ModelosVeiculos] ([Id], [Modelo], [MarcaCodigo]) VALUES (302, N'Verona                                            ', 6)
INSERT INTO [dbo].[ModelosVeiculos] ([Id], [Modelo], [MarcaCodigo]) VALUES (303, N'Versailles                                        ', 6)
INSERT INTO [dbo].[ModelosVeiculos] ([Id], [Modelo], [MarcaCodigo]) VALUES (304, N'Versailles Royale                                 ', 6)
INSERT INTO [dbo].[ModelosVeiculos] ([Id], [Modelo], [MarcaCodigo]) VALUES (305, N'Windstar                                          ', 6)
INSERT INTO [dbo].[ModelosVeiculos] ([Id], [Modelo], [MarcaCodigo]) VALUES (306, N'Accord                                            ', 7)
INSERT INTO [dbo].[ModelosVeiculos] ([Id], [Modelo], [MarcaCodigo]) VALUES (307, N'Accord Coupe                                      ', 7)
INSERT INTO [dbo].[ModelosVeiculos] ([Id], [Modelo], [MarcaCodigo]) VALUES (308, N'Accord Wagon                                      ', 7)
INSERT INTO [dbo].[ModelosVeiculos] ([Id], [Modelo], [MarcaCodigo]) VALUES (309, N'City                                              ', 7)
INSERT INTO [dbo].[ModelosVeiculos] ([Id], [Modelo], [MarcaCodigo]) VALUES (310, N'Civic                                             ', 7)
INSERT INTO [dbo].[ModelosVeiculos] ([Id], [Modelo], [MarcaCodigo]) VALUES (311, N'Civic Coupe                                       ', 7)
INSERT INTO [dbo].[ModelosVeiculos] ([Id], [Modelo], [MarcaCodigo]) VALUES (312, N'Civic Hatch                                       ', 7)
INSERT INTO [dbo].[ModelosVeiculos] ([Id], [Modelo], [MarcaCodigo]) VALUES (313, N'Civic Targa                                       ', 7)
INSERT INTO [dbo].[ModelosVeiculos] ([Id], [Modelo], [MarcaCodigo]) VALUES (314, N'CR-V                                              ', 7)
INSERT INTO [dbo].[ModelosVeiculos] ([Id], [Modelo], [MarcaCodigo]) VALUES (315, N'Fit                                               ', 7)
INSERT INTO [dbo].[ModelosVeiculos] ([Id], [Modelo], [MarcaCodigo]) VALUES (316, N'HR-V                                              ', 7)
INSERT INTO [dbo].[ModelosVeiculos] ([Id], [Modelo], [MarcaCodigo]) VALUES (317, N'Legend                                            ', 7)
INSERT INTO [dbo].[ModelosVeiculos] ([Id], [Modelo], [MarcaCodigo]) VALUES (318, N'NSX                                               ', 7)
INSERT INTO [dbo].[ModelosVeiculos] ([Id], [Modelo], [MarcaCodigo]) VALUES (319, N'Odyssey                                           ', 7)
INSERT INTO [dbo].[ModelosVeiculos] ([Id], [Modelo], [MarcaCodigo]) VALUES (320, N'Passport                                          ', 7)
INSERT INTO [dbo].[ModelosVeiculos] ([Id], [Modelo], [MarcaCodigo]) VALUES (321, N'Prelude                                           ', 7)
INSERT INTO [dbo].[ModelosVeiculos] ([Id], [Modelo], [MarcaCodigo]) VALUES (322, N'Quadriciclo                                       ', 7)
INSERT INTO [dbo].[ModelosVeiculos] ([Id], [Modelo], [MarcaCodigo]) VALUES (323, N'WR-V                                              ', 7)
INSERT INTO [dbo].[ModelosVeiculos] ([Id], [Modelo], [MarcaCodigo]) VALUES (324, N'Accent                                            ', 8)
INSERT INTO [dbo].[ModelosVeiculos] ([Id], [Modelo], [MarcaCodigo]) VALUES (325, N'Accent Hatch                                      ', 8)
INSERT INTO [dbo].[ModelosVeiculos] ([Id], [Modelo], [MarcaCodigo]) VALUES (326, N'Atos                                              ', 8)
INSERT INTO [dbo].[ModelosVeiculos] ([Id], [Modelo], [MarcaCodigo]) VALUES (327, N'Azera                                             ', 8)
INSERT INTO [dbo].[ModelosVeiculos] ([Id], [Modelo], [MarcaCodigo]) VALUES (328, N'Coupe FX                                          ', 8)
INSERT INTO [dbo].[ModelosVeiculos] ([Id], [Modelo], [MarcaCodigo]) VALUES (329, N'Creta                                             ', 8)
INSERT INTO [dbo].[ModelosVeiculos] ([Id], [Modelo], [MarcaCodigo]) VALUES (330, N'Elantra                                           ', 8)
INSERT INTO [dbo].[ModelosVeiculos] ([Id], [Modelo], [MarcaCodigo]) VALUES (331, N'Elantra Wagon                                     ', 8)
INSERT INTO [dbo].[ModelosVeiculos] ([Id], [Modelo], [MarcaCodigo]) VALUES (332, N'Equus                                             ', 8)
INSERT INTO [dbo].[ModelosVeiculos] ([Id], [Modelo], [MarcaCodigo]) VALUES (333, N'Excel                                             ', 8)
INSERT INTO [dbo].[ModelosVeiculos] ([Id], [Modelo], [MarcaCodigo]) VALUES (334, N'Galloper                                          ', 8)
INSERT INTO [dbo].[ModelosVeiculos] ([Id], [Modelo], [MarcaCodigo]) VALUES (335, N'Genesis                                           ', 8)
INSERT INTO [dbo].[ModelosVeiculos] ([Id], [Modelo], [MarcaCodigo]) VALUES (336, N'H1                                                ', 8)
INSERT INTO [dbo].[ModelosVeiculos] ([Id], [Modelo], [MarcaCodigo]) VALUES (337, N'H100                                              ', 8)
INSERT INTO [dbo].[ModelosVeiculos] ([Id], [Modelo], [MarcaCodigo]) VALUES (338, N'HB20                                              ', 8)
INSERT INTO [dbo].[ModelosVeiculos] ([Id], [Modelo], [MarcaCodigo]) VALUES (339, N'HB20S                                             ', 8)
INSERT INTO [dbo].[ModelosVeiculos] ([Id], [Modelo], [MarcaCodigo]) VALUES (340, N'HB20X                                             ', 8)
INSERT INTO [dbo].[ModelosVeiculos] ([Id], [Modelo], [MarcaCodigo]) VALUES (341, N'HR                                                ', 8)
INSERT INTO [dbo].[ModelosVeiculos] ([Id], [Modelo], [MarcaCodigo]) VALUES (342, N'i30                                               ', 8)
INSERT INTO [dbo].[ModelosVeiculos] ([Id], [Modelo], [MarcaCodigo]) VALUES (343, N'i30 CW                                            ', 8)
INSERT INTO [dbo].[ModelosVeiculos] ([Id], [Modelo], [MarcaCodigo]) VALUES (344, N'ix35                                              ', 8)
INSERT INTO [dbo].[ModelosVeiculos] ([Id], [Modelo], [MarcaCodigo]) VALUES (345, N'Matrix                                            ', 8)
INSERT INTO [dbo].[ModelosVeiculos] ([Id], [Modelo], [MarcaCodigo]) VALUES (346, N'Porter                                            ', 8)
INSERT INTO [dbo].[ModelosVeiculos] ([Id], [Modelo], [MarcaCodigo]) VALUES (347, N'Santa Fe                                          ', 8)
INSERT INTO [dbo].[ModelosVeiculos] ([Id], [Modelo], [MarcaCodigo]) VALUES (348, N'Scoupe                                            ', 8)
INSERT INTO [dbo].[ModelosVeiculos] ([Id], [Modelo], [MarcaCodigo]) VALUES (349, N'Sonata                                            ', 8)
INSERT INTO [dbo].[ModelosVeiculos] ([Id], [Modelo], [MarcaCodigo]) VALUES (350, N'Terracan                                          ', 8)
INSERT INTO [dbo].[ModelosVeiculos] ([Id], [Modelo], [MarcaCodigo]) VALUES (351, N'Trajet                                            ', 8)
INSERT INTO [dbo].[ModelosVeiculos] ([Id], [Modelo], [MarcaCodigo]) VALUES (352, N'Tucson                                            ', 8)
INSERT INTO [dbo].[ModelosVeiculos] ([Id], [Modelo], [MarcaCodigo]) VALUES (353, N'Veloster                                          ', 8)
INSERT INTO [dbo].[ModelosVeiculos] ([Id], [Modelo], [MarcaCodigo]) VALUES (354, N'Veracruz                                          ', 8)
INSERT INTO [dbo].[ModelosVeiculos] ([Id], [Modelo], [MarcaCodigo]) VALUES (355, N'Cherokee                                          ', 9)
INSERT INTO [dbo].[ModelosVeiculos] ([Id], [Modelo], [MarcaCodigo]) VALUES (356, N'Commander                                         ', 9)
INSERT INTO [dbo].[ModelosVeiculos] ([Id], [Modelo], [MarcaCodigo]) VALUES (357, N'Compass                                           ', 9)
INSERT INTO [dbo].[ModelosVeiculos] ([Id], [Modelo], [MarcaCodigo]) VALUES (358, N'Grand Cherokee                                    ', 9)
INSERT INTO [dbo].[ModelosVeiculos] ([Id], [Modelo], [MarcaCodigo]) VALUES (359, N'Liberty                                           ', 9)
INSERT INTO [dbo].[ModelosVeiculos] ([Id], [Modelo], [MarcaCodigo]) VALUES (360, N'Renegade                                          ', 9)
INSERT INTO [dbo].[ModelosVeiculos] ([Id], [Modelo], [MarcaCodigo]) VALUES (361, N'Wrangler                                          ', 9)
INSERT INTO [dbo].[ModelosVeiculos] ([Id], [Modelo], [MarcaCodigo]) VALUES (362, N'Besta                                             ', 10)
INSERT INTO [dbo].[ModelosVeiculos] ([Id], [Modelo], [MarcaCodigo]) VALUES (363, N'Bongo                                             ', 10)
INSERT INTO [dbo].[ModelosVeiculos] ([Id], [Modelo], [MarcaCodigo]) VALUES (364, N'Cadenza                                           ', 10)
INSERT INTO [dbo].[ModelosVeiculos] ([Id], [Modelo], [MarcaCodigo]) VALUES (365, N'Carens                                            ', 10)
INSERT INTO [dbo].[ModelosVeiculos] ([Id], [Modelo], [MarcaCodigo]) VALUES (366, N'Carnival                                          ', 10)
INSERT INTO [dbo].[ModelosVeiculos] ([Id], [Modelo], [MarcaCodigo]) VALUES (367, N'Cerato                                            ', 10)
INSERT INTO [dbo].[ModelosVeiculos] ([Id], [Modelo], [MarcaCodigo]) VALUES (368, N'Ceres                                             ', 10)
INSERT INTO [dbo].[ModelosVeiculos] ([Id], [Modelo], [MarcaCodigo]) VALUES (369, N'Clarus                                            ', 10)
INSERT INTO [dbo].[ModelosVeiculos] ([Id], [Modelo], [MarcaCodigo]) VALUES (370, N'Grand Carnival                                    ', 10)
INSERT INTO [dbo].[ModelosVeiculos] ([Id], [Modelo], [MarcaCodigo]) VALUES (371, N'Magentis                                          ', 10)
INSERT INTO [dbo].[ModelosVeiculos] ([Id], [Modelo], [MarcaCodigo]) VALUES (372, N'Mohave                                            ', 10)
INSERT INTO [dbo].[ModelosVeiculos] ([Id], [Modelo], [MarcaCodigo]) VALUES (373, N'Opirus                                            ', 10)
INSERT INTO [dbo].[ModelosVeiculos] ([Id], [Modelo], [MarcaCodigo]) VALUES (374, N'Optima                                            ', 10)
INSERT INTO [dbo].[ModelosVeiculos] ([Id], [Modelo], [MarcaCodigo]) VALUES (375, N'Picanto                                           ', 10)
INSERT INTO [dbo].[ModelosVeiculos] ([Id], [Modelo], [MarcaCodigo]) VALUES (376, N'Quoris                                            ', 10)
INSERT INTO [dbo].[ModelosVeiculos] ([Id], [Modelo], [MarcaCodigo]) VALUES (377, N'Rio                                               ', 10)
INSERT INTO [dbo].[ModelosVeiculos] ([Id], [Modelo], [MarcaCodigo]) VALUES (378, N'Sephia                                            ', 10)
INSERT INTO [dbo].[ModelosVeiculos] ([Id], [Modelo], [MarcaCodigo]) VALUES (379, N'Shuma                                             ', 10)
INSERT INTO [dbo].[ModelosVeiculos] ([Id], [Modelo], [MarcaCodigo]) VALUES (380, N'Sorento                                           ', 10)
INSERT INTO [dbo].[ModelosVeiculos] ([Id], [Modelo], [MarcaCodigo]) VALUES (381, N'Soul                                              ', 10)
INSERT INTO [dbo].[ModelosVeiculos] ([Id], [Modelo], [MarcaCodigo]) VALUES (382, N'Sportage                                          ', 10)
INSERT INTO [dbo].[ModelosVeiculos] ([Id], [Modelo], [MarcaCodigo]) VALUES (383, N'Stinger                                           ', 10)
INSERT INTO [dbo].[ModelosVeiculos] ([Id], [Modelo], [MarcaCodigo]) VALUES (384, N'3000                                              ', 11)
INSERT INTO [dbo].[ModelosVeiculos] ([Id], [Modelo], [MarcaCodigo]) VALUES (385, N'Airtrek                                           ', 11)
INSERT INTO [dbo].[ModelosVeiculos] ([Id], [Modelo], [MarcaCodigo]) VALUES (386, N'ASX                                               ', 11)
INSERT INTO [dbo].[ModelosVeiculos] ([Id], [Modelo], [MarcaCodigo]) VALUES (387, N'Colt                                              ', 11)
INSERT INTO [dbo].[ModelosVeiculos] ([Id], [Modelo], [MarcaCodigo]) VALUES (388, N'Diamant                                           ', 11)
INSERT INTO [dbo].[ModelosVeiculos] ([Id], [Modelo], [MarcaCodigo]) VALUES (389, N'Eclipse                                           ', 11)
INSERT INTO [dbo].[ModelosVeiculos] ([Id], [Modelo], [MarcaCodigo]) VALUES (390, N'Eclipse Cross                                     ', 11)
INSERT INTO [dbo].[ModelosVeiculos] ([Id], [Modelo], [MarcaCodigo]) VALUES (391, N'Expo LRV                                          ', 11)
INSERT INTO [dbo].[ModelosVeiculos] ([Id], [Modelo], [MarcaCodigo]) VALUES (392, N'Expo SP Van                                       ', 11)
INSERT INTO [dbo].[ModelosVeiculos] ([Id], [Modelo], [MarcaCodigo]) VALUES (393, N'Galant                                            ', 11)
INSERT INTO [dbo].[ModelosVeiculos] ([Id], [Modelo], [MarcaCodigo]) VALUES (394, N'Grandis                                           ', 11)
INSERT INTO [dbo].[ModelosVeiculos] ([Id], [Modelo], [MarcaCodigo]) VALUES (395, N'L200                                              ', 11)
INSERT INTO [dbo].[ModelosVeiculos] ([Id], [Modelo], [MarcaCodigo]) VALUES (396, N'L200 Outdoor                                      ', 11)
INSERT INTO [dbo].[ModelosVeiculos] ([Id], [Modelo], [MarcaCodigo]) VALUES (397, N'L200 Triton                                       ', 11)
INSERT INTO [dbo].[ModelosVeiculos] ([Id], [Modelo], [MarcaCodigo]) VALUES (398, N'L300                                              ', 11)
INSERT INTO [dbo].[ModelosVeiculos] ([Id], [Modelo], [MarcaCodigo]) VALUES (399, N'Lancer                                            ', 11)
INSERT INTO [dbo].[ModelosVeiculos] ([Id], [Modelo], [MarcaCodigo]) VALUES (400, N'Lancer Evolution                                  ', 11)
INSERT INTO [dbo].[ModelosVeiculos] ([Id], [Modelo], [MarcaCodigo]) VALUES (401, N'Lancer Sportback                                  ', 11)
INSERT INTO [dbo].[ModelosVeiculos] ([Id], [Modelo], [MarcaCodigo]) VALUES (402, N'Mirage                                            ', 11)
INSERT INTO [dbo].[ModelosVeiculos] ([Id], [Modelo], [MarcaCodigo]) VALUES (403, N'Montero                                           ', 11)
INSERT INTO [dbo].[ModelosVeiculos] ([Id], [Modelo], [MarcaCodigo]) VALUES (404, N'Outlander                                         ', 11)
INSERT INTO [dbo].[ModelosVeiculos] ([Id], [Modelo], [MarcaCodigo]) VALUES (405, N'Pajero                                            ', 11)
INSERT INTO [dbo].[ModelosVeiculos] ([Id], [Modelo], [MarcaCodigo]) VALUES (406, N'Pajero Dakar                                      ', 11)
INSERT INTO [dbo].[ModelosVeiculos] ([Id], [Modelo], [MarcaCodigo]) VALUES (407, N'Pajero Full                                       ', 11)
INSERT INTO [dbo].[ModelosVeiculos] ([Id], [Modelo], [MarcaCodigo]) VALUES (408, N'Pajero Sport                                      ', 11)
INSERT INTO [dbo].[ModelosVeiculos] ([Id], [Modelo], [MarcaCodigo]) VALUES (409, N'Pajero TR4                                        ', 11)
INSERT INTO [dbo].[ModelosVeiculos] ([Id], [Modelo], [MarcaCodigo]) VALUES (410, N'Space Wagon                                       ', 11)
INSERT INTO [dbo].[ModelosVeiculos] ([Id], [Modelo], [MarcaCodigo]) VALUES (411, N'350Z                                              ', 12)
INSERT INTO [dbo].[ModelosVeiculos] ([Id], [Modelo], [MarcaCodigo]) VALUES (412, N'370Z                                              ', 12)
INSERT INTO [dbo].[ModelosVeiculos] ([Id], [Modelo], [MarcaCodigo]) VALUES (413, N'Altima                                            ', 12)
INSERT INTO [dbo].[ModelosVeiculos] ([Id], [Modelo], [MarcaCodigo]) VALUES (414, N'Armada                                            ', 12)
INSERT INTO [dbo].[ModelosVeiculos] ([Id], [Modelo], [MarcaCodigo]) VALUES (415, N'AX                                                ', 12)
INSERT INTO [dbo].[ModelosVeiculos] ([Id], [Modelo], [MarcaCodigo]) VALUES (416, N'Frontier                                          ', 12)
INSERT INTO [dbo].[ModelosVeiculos] ([Id], [Modelo], [MarcaCodigo]) VALUES (417, N'Grand Livina                                      ', 12)
INSERT INTO [dbo].[ModelosVeiculos] ([Id], [Modelo], [MarcaCodigo]) VALUES (418, N'GT-R                                              ', 12)
INSERT INTO [dbo].[ModelosVeiculos] ([Id], [Modelo], [MarcaCodigo]) VALUES (419, N'Juke                                              ', 12)
INSERT INTO [dbo].[ModelosVeiculos] ([Id], [Modelo], [MarcaCodigo]) VALUES (420, N'Kicks                                             ', 12)
INSERT INTO [dbo].[ModelosVeiculos] ([Id], [Modelo], [MarcaCodigo]) VALUES (421, N'King Cab                                          ', 12)
INSERT INTO [dbo].[ModelosVeiculos] ([Id], [Modelo], [MarcaCodigo]) VALUES (422, N'LEAF                                              ', 12)
INSERT INTO [dbo].[ModelosVeiculos] ([Id], [Modelo], [MarcaCodigo]) VALUES (423, N'Livina                                            ', 12)
INSERT INTO [dbo].[ModelosVeiculos] ([Id], [Modelo], [MarcaCodigo]) VALUES (424, N'March                                             ', 12)
INSERT INTO [dbo].[ModelosVeiculos] ([Id], [Modelo], [MarcaCodigo]) VALUES (425, N'Maxima                                            ', 12)
INSERT INTO [dbo].[ModelosVeiculos] ([Id], [Modelo], [MarcaCodigo]) VALUES (426, N'Micra                                             ', 12)
INSERT INTO [dbo].[ModelosVeiculos] ([Id], [Modelo], [MarcaCodigo]) VALUES (427, N'Murano                                            ', 12)
INSERT INTO [dbo].[ModelosVeiculos] ([Id], [Modelo], [MarcaCodigo]) VALUES (428, N'NX 2000                                           ', 12)
INSERT INTO [dbo].[ModelosVeiculos] ([Id], [Modelo], [MarcaCodigo]) VALUES (429, N'Pathfinder                                        ', 12)
INSERT INTO [dbo].[ModelosVeiculos] ([Id], [Modelo], [MarcaCodigo]) VALUES (430, N'Pick Up D21                                       ', 12)
INSERT INTO [dbo].[ModelosVeiculos] ([Id], [Modelo], [MarcaCodigo]) VALUES (431, N'Pick Up D22                                       ', 12)
INSERT INTO [dbo].[ModelosVeiculos] ([Id], [Modelo], [MarcaCodigo]) VALUES (432, N'Primera                                           ', 12)
INSERT INTO [dbo].[ModelosVeiculos] ([Id], [Modelo], [MarcaCodigo]) VALUES (433, N'Quest                                             ', 12)
INSERT INTO [dbo].[ModelosVeiculos] ([Id], [Modelo], [MarcaCodigo]) VALUES (434, N'Sentra                                            ', 12)
INSERT INTO [dbo].[ModelosVeiculos] ([Id], [Modelo], [MarcaCodigo]) VALUES (435, N'Stanza                                            ', 12)
INSERT INTO [dbo].[ModelosVeiculos] ([Id], [Modelo], [MarcaCodigo]) VALUES (436, N'SX                                                ', 12)
INSERT INTO [dbo].[ModelosVeiculos] ([Id], [Modelo], [MarcaCodigo]) VALUES (437, N'Terrano II                                        ', 12)
INSERT INTO [dbo].[ModelosVeiculos] ([Id], [Modelo], [MarcaCodigo]) VALUES (438, N'Tiida                                             ', 12)
INSERT INTO [dbo].[ModelosVeiculos] ([Id], [Modelo], [MarcaCodigo]) VALUES (439, N'Tiida Sedan                                       ', 12)
INSERT INTO [dbo].[ModelosVeiculos] ([Id], [Modelo], [MarcaCodigo]) VALUES (440, N'Versa                                             ', 12)
INSERT INTO [dbo].[ModelosVeiculos] ([Id], [Modelo], [MarcaCodigo]) VALUES (441, N'XTerra                                            ', 12)
INSERT INTO [dbo].[ModelosVeiculos] ([Id], [Modelo], [MarcaCodigo]) VALUES (442, N'XTRAIL                                            ', 12)
INSERT INTO [dbo].[ModelosVeiculos] ([Id], [Modelo], [MarcaCodigo]) VALUES (443, N'ZX                                                ', 12)
INSERT INTO [dbo].[ModelosVeiculos] ([Id], [Modelo], [MarcaCodigo]) VALUES (444, N'106                                               ', 13)
INSERT INTO [dbo].[ModelosVeiculos] ([Id], [Modelo], [MarcaCodigo]) VALUES (445, N'2008                                              ', 13)
INSERT INTO [dbo].[ModelosVeiculos] ([Id], [Modelo], [MarcaCodigo]) VALUES (446, N'205                                               ', 13)
INSERT INTO [dbo].[ModelosVeiculos] ([Id], [Modelo], [MarcaCodigo]) VALUES (447, N'205 Cabriolet                                     ', 13)
INSERT INTO [dbo].[ModelosVeiculos] ([Id], [Modelo], [MarcaCodigo]) VALUES (448, N'206                                               ', 13)
INSERT INTO [dbo].[ModelosVeiculos] ([Id], [Modelo], [MarcaCodigo]) VALUES (449, N'206 CC                                            ', 13)
INSERT INTO [dbo].[ModelosVeiculos] ([Id], [Modelo], [MarcaCodigo]) VALUES (450, N'206 SW                                            ', 13)
INSERT INTO [dbo].[ModelosVeiculos] ([Id], [Modelo], [MarcaCodigo]) VALUES (451, N'207                                               ', 13)
INSERT INTO [dbo].[ModelosVeiculos] ([Id], [Modelo], [MarcaCodigo]) VALUES (452, N'207 Sedan                                         ', 13)
INSERT INTO [dbo].[ModelosVeiculos] ([Id], [Modelo], [MarcaCodigo]) VALUES (453, N'207 SW                                            ', 13)
INSERT INTO [dbo].[ModelosVeiculos] ([Id], [Modelo], [MarcaCodigo]) VALUES (454, N'207 SW Escapade                                   ', 13)
INSERT INTO [dbo].[ModelosVeiculos] ([Id], [Modelo], [MarcaCodigo]) VALUES (455, N'208                                               ', 13)
INSERT INTO [dbo].[ModelosVeiculos] ([Id], [Modelo], [MarcaCodigo]) VALUES (456, N'3008                                              ', 13)
INSERT INTO [dbo].[ModelosVeiculos] ([Id], [Modelo], [MarcaCodigo]) VALUES (457, N'306                                               ', 13)
INSERT INTO [dbo].[ModelosVeiculos] ([Id], [Modelo], [MarcaCodigo]) VALUES (458, N'306 Break                                         ', 13)
INSERT INTO [dbo].[ModelosVeiculos] ([Id], [Modelo], [MarcaCodigo]) VALUES (459, N'306 Cabriolet                                     ', 13)
INSERT INTO [dbo].[ModelosVeiculos] ([Id], [Modelo], [MarcaCodigo]) VALUES (460, N'306 Sedan                                         ', 13)
INSERT INTO [dbo].[ModelosVeiculos] ([Id], [Modelo], [MarcaCodigo]) VALUES (461, N'307                                               ', 13)
INSERT INTO [dbo].[ModelosVeiculos] ([Id], [Modelo], [MarcaCodigo]) VALUES (462, N'307 CC                                            ', 13)
INSERT INTO [dbo].[ModelosVeiculos] ([Id], [Modelo], [MarcaCodigo]) VALUES (463, N'307 Sedan                                         ', 13)
INSERT INTO [dbo].[ModelosVeiculos] ([Id], [Modelo], [MarcaCodigo]) VALUES (464, N'307 SW                                            ', 13)
INSERT INTO [dbo].[ModelosVeiculos] ([Id], [Modelo], [MarcaCodigo]) VALUES (465, N'308                                               ', 13)
INSERT INTO [dbo].[ModelosVeiculos] ([Id], [Modelo], [MarcaCodigo]) VALUES (466, N'308 CC                                            ', 13)
INSERT INTO [dbo].[ModelosVeiculos] ([Id], [Modelo], [MarcaCodigo]) VALUES (467, N'405                                               ', 13)
INSERT INTO [dbo].[ModelosVeiculos] ([Id], [Modelo], [MarcaCodigo]) VALUES (468, N'405 Break                                         ', 13)
INSERT INTO [dbo].[ModelosVeiculos] ([Id], [Modelo], [MarcaCodigo]) VALUES (469, N'406                                               ', 13)
INSERT INTO [dbo].[ModelosVeiculos] ([Id], [Modelo], [MarcaCodigo]) VALUES (470, N'406 Break                                         ', 13)
INSERT INTO [dbo].[ModelosVeiculos] ([Id], [Modelo], [MarcaCodigo]) VALUES (471, N'406 Coupe                                         ', 13)
INSERT INTO [dbo].[ModelosVeiculos] ([Id], [Modelo], [MarcaCodigo]) VALUES (472, N'407                                               ', 13)
INSERT INTO [dbo].[ModelosVeiculos] ([Id], [Modelo], [MarcaCodigo]) VALUES (473, N'407 SW                                            ', 13)
INSERT INTO [dbo].[ModelosVeiculos] ([Id], [Modelo], [MarcaCodigo]) VALUES (474, N'408                                               ', 13)
INSERT INTO [dbo].[ModelosVeiculos] ([Id], [Modelo], [MarcaCodigo]) VALUES (475, N'5008                                              ', 13)
INSERT INTO [dbo].[ModelosVeiculos] ([Id], [Modelo], [MarcaCodigo]) VALUES (476, N'504                                               ', 13)
INSERT INTO [dbo].[ModelosVeiculos] ([Id], [Modelo], [MarcaCodigo]) VALUES (477, N'505                                               ', 13)
INSERT INTO [dbo].[ModelosVeiculos] ([Id], [Modelo], [MarcaCodigo]) VALUES (478, N'508                                               ', 13)
INSERT INTO [dbo].[ModelosVeiculos] ([Id], [Modelo], [MarcaCodigo]) VALUES (479, N'605                                               ', 13)
INSERT INTO [dbo].[ModelosVeiculos] ([Id], [Modelo], [MarcaCodigo]) VALUES (480, N'607                                               ', 13)
INSERT INTO [dbo].[ModelosVeiculos] ([Id], [Modelo], [MarcaCodigo]) VALUES (481, N'806                                               ', 13)
INSERT INTO [dbo].[ModelosVeiculos] ([Id], [Modelo], [MarcaCodigo]) VALUES (482, N'807                                               ', 13)
INSERT INTO [dbo].[ModelosVeiculos] ([Id], [Modelo], [MarcaCodigo]) VALUES (483, N'Boxer                                             ', 13)
INSERT INTO [dbo].[ModelosVeiculos] ([Id], [Modelo], [MarcaCodigo]) VALUES (484, N'Expert                                            ', 13)
INSERT INTO [dbo].[ModelosVeiculos] ([Id], [Modelo], [MarcaCodigo]) VALUES (485, N'Hoggar                                            ', 13)
INSERT INTO [dbo].[ModelosVeiculos] ([Id], [Modelo], [MarcaCodigo]) VALUES (486, N'Partner                                           ', 13)
INSERT INTO [dbo].[ModelosVeiculos] ([Id], [Modelo], [MarcaCodigo]) VALUES (487, N'RCZ                                               ', 13)
INSERT INTO [dbo].[ModelosVeiculos] ([Id], [Modelo], [MarcaCodigo]) VALUES (488, N'19                                                ', 14)
INSERT INTO [dbo].[ModelosVeiculos] ([Id], [Modelo], [MarcaCodigo]) VALUES (489, N'21                                                ', 14)
INSERT INTO [dbo].[ModelosVeiculos] ([Id], [Modelo], [MarcaCodigo]) VALUES (490, N'Captur                                            ', 14)
INSERT INTO [dbo].[ModelosVeiculos] ([Id], [Modelo], [MarcaCodigo]) VALUES (491, N'Clio                                              ', 14)
INSERT INTO [dbo].[ModelosVeiculos] ([Id], [Modelo], [MarcaCodigo]) VALUES (492, N'Clio Sedan                                        ', 14)
INSERT INTO [dbo].[ModelosVeiculos] ([Id], [Modelo], [MarcaCodigo]) VALUES (493, N'Duster                                            ', 14)
INSERT INTO [dbo].[ModelosVeiculos] ([Id], [Modelo], [MarcaCodigo]) VALUES (494, N'Duster Oroch                                      ', 14)
INSERT INTO [dbo].[ModelosVeiculos] ([Id], [Modelo], [MarcaCodigo]) VALUES (495, N'Fluence                                           ', 14)
INSERT INTO [dbo].[ModelosVeiculos] ([Id], [Modelo], [MarcaCodigo]) VALUES (496, N'Grand Scenic                                      ', 14)
INSERT INTO [dbo].[ModelosVeiculos] ([Id], [Modelo], [MarcaCodigo]) VALUES (497, N'Kangoo                                            ', 14)
INSERT INTO [dbo].[ModelosVeiculos] ([Id], [Modelo], [MarcaCodigo]) VALUES (498, N'Kangoo Express                                    ', 14)
INSERT INTO [dbo].[ModelosVeiculos] ([Id], [Modelo], [MarcaCodigo]) VALUES (499, N'Kwid                                              ', 14)
INSERT INTO [dbo].[ModelosVeiculos] ([Id], [Modelo], [MarcaCodigo]) VALUES (500, N'Laguna                                            ', 14)
INSERT INTO [dbo].[ModelosVeiculos] ([Id], [Modelo], [MarcaCodigo]) VALUES (501, N'Laguna Grand Tour                                 ', 14)
INSERT INTO [dbo].[ModelosVeiculos] ([Id], [Modelo], [MarcaCodigo]) VALUES (502, N'Logan                                             ', 14)
INSERT INTO [dbo].[ModelosVeiculos] ([Id], [Modelo], [MarcaCodigo]) VALUES (503, N'Master                                            ', 14)
INSERT INTO [dbo].[ModelosVeiculos] ([Id], [Modelo], [MarcaCodigo]) VALUES (504, N'Master Chassi                                     ', 14)
INSERT INTO [dbo].[ModelosVeiculos] ([Id], [Modelo], [MarcaCodigo]) VALUES (505, N'Megane Cabriolet                                  ', 14)
INSERT INTO [dbo].[ModelosVeiculos] ([Id], [Modelo], [MarcaCodigo]) VALUES (506, N'Megane Grand Tour                                 ', 14)
INSERT INTO [dbo].[ModelosVeiculos] ([Id], [Modelo], [MarcaCodigo]) VALUES (507, N'Megane Hatch                                      ', 14)
INSERT INTO [dbo].[ModelosVeiculos] ([Id], [Modelo], [MarcaCodigo]) VALUES (508, N'Megane Sedan                                      ', 14)
INSERT INTO [dbo].[ModelosVeiculos] ([Id], [Modelo], [MarcaCodigo]) VALUES (509, N'Safrane                                           ', 14)
INSERT INTO [dbo].[ModelosVeiculos] ([Id], [Modelo], [MarcaCodigo]) VALUES (510, N'Sandero                                           ', 14)
INSERT INTO [dbo].[ModelosVeiculos] ([Id], [Modelo], [MarcaCodigo]) VALUES (511, N'Sandero Stepway                                   ', 14)
INSERT INTO [dbo].[ModelosVeiculos] ([Id], [Modelo], [MarcaCodigo]) VALUES (512, N'Scenic                                            ', 14)
INSERT INTO [dbo].[ModelosVeiculos] ([Id], [Modelo], [MarcaCodigo]) VALUES (513, N'Symbol                                            ', 14)
INSERT INTO [dbo].[ModelosVeiculos] ([Id], [Modelo], [MarcaCodigo]) VALUES (514, N'Trafic                                            ', 14)
INSERT INTO [dbo].[ModelosVeiculos] ([Id], [Modelo], [MarcaCodigo]) VALUES (515, N'Twingo                                            ', 14)
INSERT INTO [dbo].[ModelosVeiculos] ([Id], [Modelo], [MarcaCodigo]) VALUES (516, N'Zoe                                               ', 14)
INSERT INTO [dbo].[ModelosVeiculos] ([Id], [Modelo], [MarcaCodigo]) VALUES (517, N'Avalon                                            ', 15)
INSERT INTO [dbo].[ModelosVeiculos] ([Id], [Modelo], [MarcaCodigo]) VALUES (518, N'Bandeirante Jipe                                  ', 15)
INSERT INTO [dbo].[ModelosVeiculos] ([Id], [Modelo], [MarcaCodigo]) VALUES (519, N'Bandeirante Picape                                ', 15)
INSERT INTO [dbo].[ModelosVeiculos] ([Id], [Modelo], [MarcaCodigo]) VALUES (520, N'Camry                                             ', 15)
INSERT INTO [dbo].[ModelosVeiculos] ([Id], [Modelo], [MarcaCodigo]) VALUES (521, N'Camry Wagon                                       ', 15)
INSERT INTO [dbo].[ModelosVeiculos] ([Id], [Modelo], [MarcaCodigo]) VALUES (522, N'Celica                                            ', 15)
INSERT INTO [dbo].[ModelosVeiculos] ([Id], [Modelo], [MarcaCodigo]) VALUES (523, N'Corolla                                           ', 15)
INSERT INTO [dbo].[ModelosVeiculos] ([Id], [Modelo], [MarcaCodigo]) VALUES (524, N'Corolla Fielder                                   ', 15)
INSERT INTO [dbo].[ModelosVeiculos] ([Id], [Modelo], [MarcaCodigo]) VALUES (525, N'Corolla Wagon                                     ', 15)
INSERT INTO [dbo].[ModelosVeiculos] ([Id], [Modelo], [MarcaCodigo]) VALUES (526, N'Corona Sedan                                      ', 15)
INSERT INTO [dbo].[ModelosVeiculos] ([Id], [Modelo], [MarcaCodigo]) VALUES (527, N'Etios Hatch                                       ', 15)
INSERT INTO [dbo].[ModelosVeiculos] ([Id], [Modelo], [MarcaCodigo]) VALUES (528, N'Etios Sedan                                       ', 15)
INSERT INTO [dbo].[ModelosVeiculos] ([Id], [Modelo], [MarcaCodigo]) VALUES (529, N'FJ Cruiser                                        ', 15)
INSERT INTO [dbo].[ModelosVeiculos] ([Id], [Modelo], [MarcaCodigo]) VALUES (530, N'Hilux Cabine Dupla                                ', 15)
INSERT INTO [dbo].[ModelosVeiculos] ([Id], [Modelo], [MarcaCodigo]) VALUES (531, N'Hilux Cabine Simples                              ', 15)
INSERT INTO [dbo].[ModelosVeiculos] ([Id], [Modelo], [MarcaCodigo]) VALUES (532, N'Land Cruiser Prado                                ', 15)
INSERT INTO [dbo].[ModelosVeiculos] ([Id], [Modelo], [MarcaCodigo]) VALUES (533, N'MR2                                               ', 15)
INSERT INTO [dbo].[ModelosVeiculos] ([Id], [Modelo], [MarcaCodigo]) VALUES (534, N'Paseo                                             ', 15)
INSERT INTO [dbo].[ModelosVeiculos] ([Id], [Modelo], [MarcaCodigo]) VALUES (535, N'Previa                                            ', 15)
INSERT INTO [dbo].[ModelosVeiculos] ([Id], [Modelo], [MarcaCodigo]) VALUES (536, N'Prius                                             ', 15)
INSERT INTO [dbo].[ModelosVeiculos] ([Id], [Modelo], [MarcaCodigo]) VALUES (537, N'RAV4                                              ', 15)
INSERT INTO [dbo].[ModelosVeiculos] ([Id], [Modelo], [MarcaCodigo]) VALUES (538, N'Sequoia                                           ', 15)
INSERT INTO [dbo].[ModelosVeiculos] ([Id], [Modelo], [MarcaCodigo]) VALUES (539, N'Sienna                                            ', 15)
INSERT INTO [dbo].[ModelosVeiculos] ([Id], [Modelo], [MarcaCodigo]) VALUES (540, N'Supra                                             ', 15)
INSERT INTO [dbo].[ModelosVeiculos] ([Id], [Modelo], [MarcaCodigo]) VALUES (541, N'SW4                                               ', 15)
INSERT INTO [dbo].[ModelosVeiculos] ([Id], [Modelo], [MarcaCodigo]) VALUES (542, N'T100                                              ', 15)
INSERT INTO [dbo].[ModelosVeiculos] ([Id], [Modelo], [MarcaCodigo]) VALUES (543, N'Tacoma                                            ', 15)
INSERT INTO [dbo].[ModelosVeiculos] ([Id], [Modelo], [MarcaCodigo]) VALUES (544, N'Trip                                              ', 15)
INSERT INTO [dbo].[ModelosVeiculos] ([Id], [Modelo], [MarcaCodigo]) VALUES (545, N'Tundra                                            ', 15)
INSERT INTO [dbo].[ModelosVeiculos] ([Id], [Modelo], [MarcaCodigo]) VALUES (546, N'Yaris Hatch                                       ', 15)
INSERT INTO [dbo].[ModelosVeiculos] ([Id], [Modelo], [MarcaCodigo]) VALUES (547, N'Yaris Sedan                                       ', 15)
INSERT INTO [dbo].[ModelosVeiculos] ([Id], [Modelo], [MarcaCodigo]) VALUES (548, N'Amarok                                            ', 16)
INSERT INTO [dbo].[ModelosVeiculos] ([Id], [Modelo], [MarcaCodigo]) VALUES (549, N'Apollo                                            ', 16)
INSERT INTO [dbo].[ModelosVeiculos] ([Id], [Modelo], [MarcaCodigo]) VALUES (550, N'Bora                                              ', 16)
INSERT INTO [dbo].[ModelosVeiculos] ([Id], [Modelo], [MarcaCodigo]) VALUES (551, N'Brasília                                          ', 16)
INSERT INTO [dbo].[ModelosVeiculos] ([Id], [Modelo], [MarcaCodigo]) VALUES (552, N'Caravelle                                         ', 16)
INSERT INTO [dbo].[ModelosVeiculos] ([Id], [Modelo], [MarcaCodigo]) VALUES (553, N'CC                                                ', 16)
INSERT INTO [dbo].[ModelosVeiculos] ([Id], [Modelo], [MarcaCodigo]) VALUES (554, N'Corrado                                           ', 16)
INSERT INTO [dbo].[ModelosVeiculos] ([Id], [Modelo], [MarcaCodigo]) VALUES (555, N'CrossFox                                          ', 16)
INSERT INTO [dbo].[ModelosVeiculos] ([Id], [Modelo], [MarcaCodigo]) VALUES (556, N'Eos                                               ', 16)
INSERT INTO [dbo].[ModelosVeiculos] ([Id], [Modelo], [MarcaCodigo]) VALUES (557, N'Eurovan                                           ', 16)
INSERT INTO [dbo].[ModelosVeiculos] ([Id], [Modelo], [MarcaCodigo]) VALUES (558, N'Fox                                               ', 16)
INSERT INTO [dbo].[ModelosVeiculos] ([Id], [Modelo], [MarcaCodigo]) VALUES (559, N'Fusca                                             ', 16)
INSERT INTO [dbo].[ModelosVeiculos] ([Id], [Modelo], [MarcaCodigo]) VALUES (560, N'Gol                                               ', 16)
INSERT INTO [dbo].[ModelosVeiculos] ([Id], [Modelo], [MarcaCodigo]) VALUES (561, N'Golf                                              ', 16)
INSERT INTO [dbo].[ModelosVeiculos] ([Id], [Modelo], [MarcaCodigo]) VALUES (562, N'Golf Cabrio                                       ', 16)
INSERT INTO [dbo].[ModelosVeiculos] ([Id], [Modelo], [MarcaCodigo]) VALUES (563, N'Gol Furgao                                        ', 16)
INSERT INTO [dbo].[ModelosVeiculos] ([Id], [Modelo], [MarcaCodigo]) VALUES (564, N'Golf Variant                                      ', 16)
INSERT INTO [dbo].[ModelosVeiculos] ([Id], [Modelo], [MarcaCodigo]) VALUES (565, N'Jetta                                             ', 16)
INSERT INTO [dbo].[ModelosVeiculos] ([Id], [Modelo], [MarcaCodigo]) VALUES (566, N'Jetta Variant                                     ', 16)
INSERT INTO [dbo].[ModelosVeiculos] ([Id], [Modelo], [MarcaCodigo]) VALUES (567, N'Karmann Ghia                                      ', 16)
INSERT INTO [dbo].[ModelosVeiculos] ([Id], [Modelo], [MarcaCodigo]) VALUES (568, N'Kombi                                             ', 16)
INSERT INTO [dbo].[ModelosVeiculos] ([Id], [Modelo], [MarcaCodigo]) VALUES (569, N'Kombi Furgão                                      ', 16)
INSERT INTO [dbo].[ModelosVeiculos] ([Id], [Modelo], [MarcaCodigo]) VALUES (570, N'Kombi Pick-Up                                     ', 16)
INSERT INTO [dbo].[ModelosVeiculos] ([Id], [Modelo], [MarcaCodigo]) VALUES (571, N'Logus                                             ', 16)
INSERT INTO [dbo].[ModelosVeiculos] ([Id], [Modelo], [MarcaCodigo]) VALUES (572, N'New Beetle                                        ', 16)
INSERT INTO [dbo].[ModelosVeiculos] ([Id], [Modelo], [MarcaCodigo]) VALUES (573, N'New Beetle Cabriolet                              ', 16)
INSERT INTO [dbo].[ModelosVeiculos] ([Id], [Modelo], [MarcaCodigo]) VALUES (574, N'Parati                                            ', 16)
INSERT INTO [dbo].[ModelosVeiculos] ([Id], [Modelo], [MarcaCodigo]) VALUES (575, N'Passat                                            ', 16)
INSERT INTO [dbo].[ModelosVeiculos] ([Id], [Modelo], [MarcaCodigo]) VALUES (576, N'Passat CC                                         ', 16)
INSERT INTO [dbo].[ModelosVeiculos] ([Id], [Modelo], [MarcaCodigo]) VALUES (577, N'Passat Variant                                    ', 16)
INSERT INTO [dbo].[ModelosVeiculos] ([Id], [Modelo], [MarcaCodigo]) VALUES (578, N'Pointer                                           ', 16)
INSERT INTO [dbo].[ModelosVeiculos] ([Id], [Modelo], [MarcaCodigo]) VALUES (579, N'Polo                                              ', 16)
INSERT INTO [dbo].[ModelosVeiculos] ([Id], [Modelo], [MarcaCodigo]) VALUES (580, N'Polo Classic                                      ', 16)
INSERT INTO [dbo].[ModelosVeiculos] ([Id], [Modelo], [MarcaCodigo]) VALUES (581, N'Polo Sedan                                        ', 16)
INSERT INTO [dbo].[ModelosVeiculos] ([Id], [Modelo], [MarcaCodigo]) VALUES (582, N'Puma                                              ', 16)
INSERT INTO [dbo].[ModelosVeiculos] ([Id], [Modelo], [MarcaCodigo]) VALUES (583, N'Quantum                                           ', 16)
INSERT INTO [dbo].[ModelosVeiculos] ([Id], [Modelo], [MarcaCodigo]) VALUES (584, N'Santana                                           ', 16)
INSERT INTO [dbo].[ModelosVeiculos] ([Id], [Modelo], [MarcaCodigo]) VALUES (585, N'Saveiro                                           ', 16)
INSERT INTO [dbo].[ModelosVeiculos] ([Id], [Modelo], [MarcaCodigo]) VALUES (586, N'Scirocco                                          ', 16)
INSERT INTO [dbo].[ModelosVeiculos] ([Id], [Modelo], [MarcaCodigo]) VALUES (587, N'SP2                                               ', 16)
INSERT INTO [dbo].[ModelosVeiculos] ([Id], [Modelo], [MarcaCodigo]) VALUES (588, N'SpaceCross                                        ', 16)
INSERT INTO [dbo].[ModelosVeiculos] ([Id], [Modelo], [MarcaCodigo]) VALUES (589, N'SpaceFox                                          ', 16)
INSERT INTO [dbo].[ModelosVeiculos] ([Id], [Modelo], [MarcaCodigo]) VALUES (590, N'Tanger                                            ', 16)
INSERT INTO [dbo].[ModelosVeiculos] ([Id], [Modelo], [MarcaCodigo]) VALUES (591, N'T-Cross                                           ', 16)
INSERT INTO [dbo].[ModelosVeiculos] ([Id], [Modelo], [MarcaCodigo]) VALUES (592, N'Tiguan                                            ', 16)
INSERT INTO [dbo].[ModelosVeiculos] ([Id], [Modelo], [MarcaCodigo]) VALUES (593, N'TL                                                ', 16)
INSERT INTO [dbo].[ModelosVeiculos] ([Id], [Modelo], [MarcaCodigo]) VALUES (594, N'Touareg                                           ', 16)
INSERT INTO [dbo].[ModelosVeiculos] ([Id], [Modelo], [MarcaCodigo]) VALUES (595, N'Up!                                               ', 16)
INSERT INTO [dbo].[ModelosVeiculos] ([Id], [Modelo], [MarcaCodigo]) VALUES (596, N'Van                                               ', 16)
INSERT INTO [dbo].[ModelosVeiculos] ([Id], [Modelo], [MarcaCodigo]) VALUES (597, N'Variant                                           ', 16)
INSERT INTO [dbo].[ModelosVeiculos] ([Id], [Modelo], [MarcaCodigo]) VALUES (598, N'Virtus                                            ', 16)
INSERT INTO [dbo].[ModelosVeiculos] ([Id], [Modelo], [MarcaCodigo]) VALUES (599, N'Voyage                                            ', 16)
INSERT INTO [dbo].[ModelosVeiculos] ([Id], [Modelo], [MarcaCodigo]) VALUES (600, N'Apache                                            ', 17)
INSERT INTO [dbo].[ModelosVeiculos] ([Id], [Modelo], [MarcaCodigo]) VALUES (601, N'Cityclass 200i                                    ', 17)
INSERT INTO [dbo].[ModelosVeiculos] ([Id], [Modelo], [MarcaCodigo]) VALUES (602, N'Fiddle                                            ', 17)
INSERT INTO [dbo].[ModelosVeiculos] ([Id], [Modelo], [MarcaCodigo]) VALUES (603, N'Horizon                                           ', 17)
INSERT INTO [dbo].[ModelosVeiculos] ([Id], [Modelo], [MarcaCodigo]) VALUES (604, N'Kansas                                            ', 17)
INSERT INTO [dbo].[ModelosVeiculos] ([Id], [Modelo], [MarcaCodigo]) VALUES (605, N'Laser                                             ', 17)
INSERT INTO [dbo].[ModelosVeiculos] ([Id], [Modelo], [MarcaCodigo]) VALUES (606, N'Maxsym 400i                                       ', 17)
INSERT INTO [dbo].[ModelosVeiculos] ([Id], [Modelo], [MarcaCodigo]) VALUES (607, N'Next                                              ', 17)
INSERT INTO [dbo].[ModelosVeiculos] ([Id], [Modelo], [MarcaCodigo]) VALUES (608, N'Riva                                              ', 17)
INSERT INTO [dbo].[ModelosVeiculos] ([Id], [Modelo], [MarcaCodigo]) VALUES (609, N'Roadwin                                           ', 17)
INSERT INTO [dbo].[ModelosVeiculos] ([Id], [Modelo], [MarcaCodigo]) VALUES (610, N'Smart                                             ', 17)
INSERT INTO [dbo].[ModelosVeiculos] ([Id], [Modelo], [MarcaCodigo]) VALUES (611, N'Speed                                             ', 17)
INSERT INTO [dbo].[ModelosVeiculos] ([Id], [Modelo], [MarcaCodigo]) VALUES (612, N'Super                                             ', 17)
INSERT INTO [dbo].[ModelosVeiculos] ([Id], [Modelo], [MarcaCodigo]) VALUES (613, N'Sym Citycom                                       ', 17)
INSERT INTO [dbo].[ModelosVeiculos] ([Id], [Modelo], [MarcaCodigo]) VALUES (614, N'Zig                                               ', 17)
INSERT INTO [dbo].[ModelosVeiculos] ([Id], [Modelo], [MarcaCodigo]) VALUES (615, N'America Classic                                   ', 23)
INSERT INTO [dbo].[ModelosVeiculos] ([Id], [Modelo], [MarcaCodigo]) VALUES (616, N'BIZ 100                                           ', 23)
INSERT INTO [dbo].[ModelosVeiculos] ([Id], [Modelo], [MarcaCodigo]) VALUES (617, N'BIZ 110i                                          ', 23)
INSERT INTO [dbo].[ModelosVeiculos] ([Id], [Modelo], [MarcaCodigo]) VALUES (618, N'BIZ 125                                           ', 23)
INSERT INTO [dbo].[ModelosVeiculos] ([Id], [Modelo], [MarcaCodigo]) VALUES (619, N'C 100 Dream                                       ', 23)
INSERT INTO [dbo].[ModelosVeiculos] ([Id], [Modelo], [MarcaCodigo]) VALUES (620, N'CB 1000R                                          ', 23)
INSERT INTO [dbo].[ModelosVeiculos] ([Id], [Modelo], [MarcaCodigo]) VALUES (621, N'CB 1300                                           ', 23)
INSERT INTO [dbo].[ModelosVeiculos] ([Id], [Modelo], [MarcaCodigo]) VALUES (622, N'CB 300R                                           ', 23)
INSERT INTO [dbo].[ModelosVeiculos] ([Id], [Modelo], [MarcaCodigo]) VALUES (623, N'CB 400                                            ', 23)
INSERT INTO [dbo].[ModelosVeiculos] ([Id], [Modelo], [MarcaCodigo]) VALUES (624, N'CB 450                                            ', 23)
INSERT INTO [dbo].[ModelosVeiculos] ([Id], [Modelo], [MarcaCodigo]) VALUES (625, N'CB 500                                            ', 23)
INSERT INTO [dbo].[ModelosVeiculos] ([Id], [Modelo], [MarcaCodigo]) VALUES (626, N'CB 600 (Hornet)                                   ', 23)
INSERT INTO [dbo].[ModelosVeiculos] ([Id], [Modelo], [MarcaCodigo]) VALUES (627, N'CB 650                                            ', 23)
INSERT INTO [dbo].[ModelosVeiculos] ([Id], [Modelo], [MarcaCodigo]) VALUES (628, N'CB 750                                            ', 23)
INSERT INTO [dbo].[ModelosVeiculos] ([Id], [Modelo], [MarcaCodigo]) VALUES (629, N'CB 900                                            ', 23)
INSERT INTO [dbo].[ModelosVeiculos] ([Id], [Modelo], [MarcaCodigo]) VALUES (630, N'CB Twister                                        ', 23)
INSERT INTO [dbo].[ModelosVeiculos] ([Id], [Modelo], [MarcaCodigo]) VALUES (631, N'CBR 1000                                          ', 23)
INSERT INTO [dbo].[ModelosVeiculos] ([Id], [Modelo], [MarcaCodigo]) VALUES (632, N'CBR 1100                                          ', 23)
INSERT INTO [dbo].[ModelosVeiculos] ([Id], [Modelo], [MarcaCodigo]) VALUES (633, N'CBR 250R                                          ', 23)
INSERT INTO [dbo].[ModelosVeiculos] ([Id], [Modelo], [MarcaCodigo]) VALUES (634, N'CBR 450                                           ', 23)
INSERT INTO [dbo].[ModelosVeiculos] ([Id], [Modelo], [MarcaCodigo]) VALUES (635, N'CBR 500                                           ', 23)
INSERT INTO [dbo].[ModelosVeiculos] ([Id], [Modelo], [MarcaCodigo]) VALUES (636, N'CBR 600                                           ', 23)
INSERT INTO [dbo].[ModelosVeiculos] ([Id], [Modelo], [MarcaCodigo]) VALUES (637, N'CBR 650                                           ', 23)
INSERT INTO [dbo].[ModelosVeiculos] ([Id], [Modelo], [MarcaCodigo]) VALUES (638, N'CBR 900                                           ', 23)
INSERT INTO [dbo].[ModelosVeiculos] ([Id], [Modelo], [MarcaCodigo]) VALUES (639, N'CBR 929                                           ', 23)
INSERT INTO [dbo].[ModelosVeiculos] ([Id], [Modelo], [MarcaCodigo]) VALUES (640, N'CBR 954                                           ', 23)
INSERT INTO [dbo].[ModelosVeiculos] ([Id], [Modelo], [MarcaCodigo]) VALUES (641, N'CBX 150                                           ', 23)
INSERT INTO [dbo].[ModelosVeiculos] ([Id], [Modelo], [MarcaCodigo]) VALUES (642, N'CBX 200                                           ', 23)
INSERT INTO [dbo].[ModelosVeiculos] ([Id], [Modelo], [MarcaCodigo]) VALUES (643, N'CBX 250                                           ', 23)
INSERT INTO [dbo].[ModelosVeiculos] ([Id], [Modelo], [MarcaCodigo]) VALUES (644, N'CBX 750                                           ', 23)
INSERT INTO [dbo].[ModelosVeiculos] ([Id], [Modelo], [MarcaCodigo]) VALUES (645, N'CG 125                                            ', 23)
INSERT INTO [dbo].[ModelosVeiculos] ([Id], [Modelo], [MarcaCodigo]) VALUES (646, N'CG 150                                            ', 23)
INSERT INTO [dbo].[ModelosVeiculos] ([Id], [Modelo], [MarcaCodigo]) VALUES (647, N'CG 160                                            ', 23)
INSERT INTO [dbo].[ModelosVeiculos] ([Id], [Modelo], [MarcaCodigo]) VALUES (648, N'CH 125 R                                          ', 23)
INSERT INTO [dbo].[ModelosVeiculos] ([Id], [Modelo], [MarcaCodigo]) VALUES (649, N'CRF                                               ', 23)
INSERT INTO [dbo].[ModelosVeiculos] ([Id], [Modelo], [MarcaCodigo]) VALUES (650, N'CRF 1000                                          ', 23)
INSERT INTO [dbo].[ModelosVeiculos] ([Id], [Modelo], [MarcaCodigo]) VALUES (651, N'CTX 700                                           ', 23)
INSERT INTO [dbo].[ModelosVeiculos] ([Id], [Modelo], [MarcaCodigo]) VALUES (652, N'Elite 125                                         ', 23)
INSERT INTO [dbo].[ModelosVeiculos] ([Id], [Modelo], [MarcaCodigo]) VALUES (653, N'Gold Wing                                         ', 23)
INSERT INTO [dbo].[ModelosVeiculos] ([Id], [Modelo], [MarcaCodigo]) VALUES (654, N'LEAD                                              ', 23)
INSERT INTO [dbo].[ModelosVeiculos] ([Id], [Modelo], [MarcaCodigo]) VALUES (655, N'Magna 750                                         ', 23)
INSERT INTO [dbo].[ModelosVeiculos] ([Id], [Modelo], [MarcaCodigo]) VALUES (656, N'ML 125                                            ', 23)
INSERT INTO [dbo].[ModelosVeiculos] ([Id], [Modelo], [MarcaCodigo]) VALUES (657, N'NC 700X                                           ', 23)
INSERT INTO [dbo].[ModelosVeiculos] ([Id], [Modelo], [MarcaCodigo]) VALUES (658, N'NC 750X                                           ', 23)
INSERT INTO [dbo].[ModelosVeiculos] ([Id], [Modelo], [MarcaCodigo]) VALUES (659, N'NX 150                                            ', 23)
INSERT INTO [dbo].[ModelosVeiculos] ([Id], [Modelo], [MarcaCodigo]) VALUES (660, N'NX 200                                            ', 23)
INSERT INTO [dbo].[ModelosVeiculos] ([Id], [Modelo], [MarcaCodigo]) VALUES (661, N'NX 350                                            ', 23)
INSERT INTO [dbo].[ModelosVeiculos] ([Id], [Modelo], [MarcaCodigo]) VALUES (662, N'NX 4 Falcon                                       ', 23)
INSERT INTO [dbo].[ModelosVeiculos] ([Id], [Modelo], [MarcaCodigo]) VALUES (663, N'NXR 125                                           ', 23)
INSERT INTO [dbo].[ModelosVeiculos] ([Id], [Modelo], [MarcaCodigo]) VALUES (664, N'NXR 150                                           ', 23)
INSERT INTO [dbo].[ModelosVeiculos] ([Id], [Modelo], [MarcaCodigo]) VALUES (665, N'NXR 160                                           ', 23)
INSERT INTO [dbo].[ModelosVeiculos] ([Id], [Modelo], [MarcaCodigo]) VALUES (666, N'PCX                                               ', 23)
INSERT INTO [dbo].[ModelosVeiculos] ([Id], [Modelo], [MarcaCodigo]) VALUES (667, N'POP                                               ', 23)
INSERT INTO [dbo].[ModelosVeiculos] ([Id], [Modelo], [MarcaCodigo]) VALUES (668, N'SH                                                ', 23)
INSERT INTO [dbo].[ModelosVeiculos] ([Id], [Modelo], [MarcaCodigo]) VALUES (669, N'Shadow                                            ', 23)
INSERT INTO [dbo].[ModelosVeiculos] ([Id], [Modelo], [MarcaCodigo]) VALUES (670, N'Shadow Am                                         ', 23)
INSERT INTO [dbo].[ModelosVeiculos] ([Id], [Modelo], [MarcaCodigo]) VALUES (671, N'Shadow Vt                                         ', 23)
INSERT INTO [dbo].[ModelosVeiculos] ([Id], [Modelo], [MarcaCodigo]) VALUES (672, N'Silver Wing                                       ', 23)
INSERT INTO [dbo].[ModelosVeiculos] ([Id], [Modelo], [MarcaCodigo]) VALUES (673, N'Super Hawk                                        ', 23)
INSERT INTO [dbo].[ModelosVeiculos] ([Id], [Modelo], [MarcaCodigo]) VALUES (674, N'TRX (Quadriciclo)                                 ', 23)
INSERT INTO [dbo].[ModelosVeiculos] ([Id], [Modelo], [MarcaCodigo]) VALUES (675, N'Valkyrie                                          ', 23)
INSERT INTO [dbo].[ModelosVeiculos] ([Id], [Modelo], [MarcaCodigo]) VALUES (676, N'VFR                                               ', 23)
INSERT INTO [dbo].[ModelosVeiculos] ([Id], [Modelo], [MarcaCodigo]) VALUES (677, N'VT 600                                            ', 23)
INSERT INTO [dbo].[ModelosVeiculos] ([Id], [Modelo], [MarcaCodigo]) VALUES (678, N'VTX                                               ', 23)
INSERT INTO [dbo].[ModelosVeiculos] ([Id], [Modelo], [MarcaCodigo]) VALUES (679, N'X-ADV                                             ', 23)
INSERT INTO [dbo].[ModelosVeiculos] ([Id], [Modelo], [MarcaCodigo]) VALUES (680, N'XL 1000                                           ', 23)
INSERT INTO [dbo].[ModelosVeiculos] ([Id], [Modelo], [MarcaCodigo]) VALUES (681, N'XL 125                                            ', 23)
INSERT INTO [dbo].[ModelosVeiculos] ([Id], [Modelo], [MarcaCodigo]) VALUES (682, N'Xl 250                                            ', 23)
INSERT INTO [dbo].[ModelosVeiculos] ([Id], [Modelo], [MarcaCodigo]) VALUES (683, N'XL 350                                            ', 23)
INSERT INTO [dbo].[ModelosVeiculos] ([Id], [Modelo], [MarcaCodigo]) VALUES (684, N'XL 700V                                           ', 23)
INSERT INTO [dbo].[ModelosVeiculos] ([Id], [Modelo], [MarcaCodigo]) VALUES (685, N'XLR 125                                           ', 23)
INSERT INTO [dbo].[ModelosVeiculos] ([Id], [Modelo], [MarcaCodigo]) VALUES (686, N'XLX 250                                           ', 23)
INSERT INTO [dbo].[ModelosVeiculos] ([Id], [Modelo], [MarcaCodigo]) VALUES (687, N'XLX 350                                           ', 23)
INSERT INTO [dbo].[ModelosVeiculos] ([Id], [Modelo], [MarcaCodigo]) VALUES (688, N'XR 200                                            ', 23)
INSERT INTO [dbo].[ModelosVeiculos] ([Id], [Modelo], [MarcaCodigo]) VALUES (689, N'XR 250                                            ', 23)
INSERT INTO [dbo].[ModelosVeiculos] ([Id], [Modelo], [MarcaCodigo]) VALUES (690, N'XR 650                                            ', 23)
INSERT INTO [dbo].[ModelosVeiculos] ([Id], [Modelo], [MarcaCodigo]) VALUES (691, N'XRE 190                                           ', 23)
INSERT INTO [dbo].[ModelosVeiculos] ([Id], [Modelo], [MarcaCodigo]) VALUES (692, N'XRE 300                                           ', 23)
INSERT INTO [dbo].[ModelosVeiculos] ([Id], [Modelo], [MarcaCodigo]) VALUES (693, N'Address Ae                                        ', 18)
INSERT INTO [dbo].[ModelosVeiculos] ([Id], [Modelo], [MarcaCodigo]) VALUES (694, N'Address Ag                                        ', 18)
INSERT INTO [dbo].[ModelosVeiculos] ([Id], [Modelo], [MarcaCodigo]) VALUES (695, N'Bandit 1200                                       ', 18)
INSERT INTO [dbo].[ModelosVeiculos] ([Id], [Modelo], [MarcaCodigo]) VALUES (696, N'Bandit 1200S                                      ', 18)
INSERT INTO [dbo].[ModelosVeiculos] ([Id], [Modelo], [MarcaCodigo]) VALUES (697, N'Bandit 1250                                       ', 18)
INSERT INTO [dbo].[ModelosVeiculos] ([Id], [Modelo], [MarcaCodigo]) VALUES (698, N'Bandit 1250S                                      ', 18)
INSERT INTO [dbo].[ModelosVeiculos] ([Id], [Modelo], [MarcaCodigo]) VALUES (699, N'Bandit 600                                        ', 18)
INSERT INTO [dbo].[ModelosVeiculos] ([Id], [Modelo], [MarcaCodigo]) VALUES (700, N'Bandit 600S                                       ', 18)
INSERT INTO [dbo].[ModelosVeiculos] ([Id], [Modelo], [MarcaCodigo]) VALUES (701, N'Bandit 650                                        ', 18)
INSERT INTO [dbo].[ModelosVeiculos] ([Id], [Modelo], [MarcaCodigo]) VALUES (702, N'Bandit 650S                                       ', 18)
INSERT INTO [dbo].[ModelosVeiculos] ([Id], [Modelo], [MarcaCodigo]) VALUES (703, N'Boulevard                                         ', 18)
INSERT INTO [dbo].[ModelosVeiculos] ([Id], [Modelo], [MarcaCodigo]) VALUES (704, N'Burgman                                           ', 18)
INSERT INTO [dbo].[ModelosVeiculos] ([Id], [Modelo], [MarcaCodigo]) VALUES (705, N'Dl 1000                                           ', 18)
INSERT INTO [dbo].[ModelosVeiculos] ([Id], [Modelo], [MarcaCodigo]) VALUES (706, N'Dl 650                                            ', 18)
INSERT INTO [dbo].[ModelosVeiculos] ([Id], [Modelo], [MarcaCodigo]) VALUES (707, N'Dr 350                                            ', 18)
INSERT INTO [dbo].[ModelosVeiculos] ([Id], [Modelo], [MarcaCodigo]) VALUES (708, N'Dr 650                                            ', 18)
INSERT INTO [dbo].[ModelosVeiculos] ([Id], [Modelo], [MarcaCodigo]) VALUES (709, N'Dr 800                                            ', 18)
INSERT INTO [dbo].[ModelosVeiculos] ([Id], [Modelo], [MarcaCodigo]) VALUES (710, N'Dr Z 400                                          ', 18)
INSERT INTO [dbo].[ModelosVeiculos] ([Id], [Modelo], [MarcaCodigo]) VALUES (711, N'En 125                                            ', 18)
INSERT INTO [dbo].[ModelosVeiculos] ([Id], [Modelo], [MarcaCodigo]) VALUES (712, N'Freewind                                          ', 18)
INSERT INTO [dbo].[ModelosVeiculos] ([Id], [Modelo], [MarcaCodigo]) VALUES (713, N'Gladius                                           ', 18)
INSERT INTO [dbo].[ModelosVeiculos] ([Id], [Modelo], [MarcaCodigo]) VALUES (714, N'Gs 120                                            ', 18)
INSERT INTO [dbo].[ModelosVeiculos] ([Id], [Modelo], [MarcaCodigo]) VALUES (715, N'Gs 500                                            ', 18)
INSERT INTO [dbo].[ModelosVeiculos] ([Id], [Modelo], [MarcaCodigo]) VALUES (716, N'Gsr 125                                           ', 18)
INSERT INTO [dbo].[ModelosVeiculos] ([Id], [Modelo], [MarcaCodigo]) VALUES (717, N'Gsr 150i                                          ', 18)
INSERT INTO [dbo].[ModelosVeiculos] ([Id], [Modelo], [MarcaCodigo]) VALUES (718, N'Gsr 750A                                          ', 18)
INSERT INTO [dbo].[ModelosVeiculos] ([Id], [Modelo], [MarcaCodigo]) VALUES (719, N'Gsx 1100                                          ', 18)
INSERT INTO [dbo].[ModelosVeiculos] ([Id], [Modelo], [MarcaCodigo]) VALUES (720, N'Gsx 1250FA                                        ', 18)
INSERT INTO [dbo].[ModelosVeiculos] ([Id], [Modelo], [MarcaCodigo]) VALUES (721, N'Gsx 1300                                          ', 18)
INSERT INTO [dbo].[ModelosVeiculos] ([Id], [Modelo], [MarcaCodigo]) VALUES (722, N'Gsx 650F                                          ', 18)
INSERT INTO [dbo].[ModelosVeiculos] ([Id], [Modelo], [MarcaCodigo]) VALUES (723, N'Gsx 750                                           ', 18)
INSERT INTO [dbo].[ModelosVeiculos] ([Id], [Modelo], [MarcaCodigo]) VALUES (724, N'Gsx R 1000                                        ', 18)
INSERT INTO [dbo].[ModelosVeiculos] ([Id], [Modelo], [MarcaCodigo]) VALUES (725, N'Gsx R 1000 (25anos)                               ', 18)
INSERT INTO [dbo].[ModelosVeiculos] ([Id], [Modelo], [MarcaCodigo]) VALUES (726, N'Gsx R 1100                                        ', 18)
INSERT INTO [dbo].[ModelosVeiculos] ([Id], [Modelo], [MarcaCodigo]) VALUES (727, N'Gsx R 1300                                        ', 18)
INSERT INTO [dbo].[ModelosVeiculos] ([Id], [Modelo], [MarcaCodigo]) VALUES (728, N'Gsx R 750                                         ', 18)
INSERT INTO [dbo].[ModelosVeiculos] ([Id], [Modelo], [MarcaCodigo]) VALUES (729, N'Gsx S 1000                                        ', 18)
INSERT INTO [dbo].[ModelosVeiculos] ([Id], [Modelo], [MarcaCodigo]) VALUES (730, N'Gsx S 1000FA                                      ', 18)
INSERT INTO [dbo].[ModelosVeiculos] ([Id], [Modelo], [MarcaCodigo]) VALUES (731, N'Gsx S 750                                         ', 18)
INSERT INTO [dbo].[ModelosVeiculos] ([Id], [Modelo], [MarcaCodigo]) VALUES (732, N'Hayabusa                                          ', 18)
INSERT INTO [dbo].[ModelosVeiculos] ([Id], [Modelo], [MarcaCodigo]) VALUES (733, N'Inazuma                                           ', 18)
INSERT INTO [dbo].[ModelosVeiculos] ([Id], [Modelo], [MarcaCodigo]) VALUES (734, N'Intruder                                          ', 18)
INSERT INTO [dbo].[ModelosVeiculos] ([Id], [Modelo], [MarcaCodigo]) VALUES (735, N'Katana                                            ', 18)
INSERT INTO [dbo].[ModelosVeiculos] ([Id], [Modelo], [MarcaCodigo]) VALUES (736, N'Lets II                                           ', 18)
INSERT INTO [dbo].[ModelosVeiculos] ([Id], [Modelo], [MarcaCodigo]) VALUES (737, N'Marauder                                          ', 18)
INSERT INTO [dbo].[ModelosVeiculos] ([Id], [Modelo], [MarcaCodigo]) VALUES (738, N'Rf 600                                            ', 18)
INSERT INTO [dbo].[ModelosVeiculos] ([Id], [Modelo], [MarcaCodigo]) VALUES (739, N'Rf 900                                            ', 18)
INSERT INTO [dbo].[ModelosVeiculos] ([Id], [Modelo], [MarcaCodigo]) VALUES (740, N'RM-Z                                              ', 18)
INSERT INTO [dbo].[ModelosVeiculos] ([Id], [Modelo], [MarcaCodigo]) VALUES (741, N'Savage                                            ', 18)
INSERT INTO [dbo].[ModelosVeiculos] ([Id], [Modelo], [MarcaCodigo]) VALUES (742, N'SV 650                                            ', 18)
INSERT INTO [dbo].[ModelosVeiculos] ([Id], [Modelo], [MarcaCodigo]) VALUES (743, N'Tl 1000                                           ', 18)
INSERT INTO [dbo].[ModelosVeiculos] ([Id], [Modelo], [MarcaCodigo]) VALUES (744, N'Vx 800cc                                          ', 18)
INSERT INTO [dbo].[ModelosVeiculos] ([Id], [Modelo], [MarcaCodigo]) VALUES (745, N'Axis 90                                           ', 19)
INSERT INTO [dbo].[ModelosVeiculos] ([Id], [Modelo], [MarcaCodigo]) VALUES (746, N'Bws 50                                            ', 19)
INSERT INTO [dbo].[ModelosVeiculos] ([Id], [Modelo], [MarcaCodigo]) VALUES (747, N'Crypton                                           ', 19)
INSERT INTO [dbo].[ModelosVeiculos] ([Id], [Modelo], [MarcaCodigo]) VALUES (748, N'Crypton 100                                       ', 19)
INSERT INTO [dbo].[ModelosVeiculos] ([Id], [Modelo], [MarcaCodigo]) VALUES (749, N'Drag Star 1100                                    ', 19)
INSERT INTO [dbo].[ModelosVeiculos] ([Id], [Modelo], [MarcaCodigo]) VALUES (750, N'Drag Star 650                                     ', 19)
INSERT INTO [dbo].[ModelosVeiculos] ([Id], [Modelo], [MarcaCodigo]) VALUES (751, N'Drag Star Xvs 650                                 ', 19)
INSERT INTO [dbo].[ModelosVeiculos] ([Id], [Modelo], [MarcaCodigo]) VALUES (752, N'Dt 180 Z                                          ', 19)
INSERT INTO [dbo].[ModelosVeiculos] ([Id], [Modelo], [MarcaCodigo]) VALUES (753, N'Dt 200                                            ', 19)
INSERT INTO [dbo].[ModelosVeiculos] ([Id], [Modelo], [MarcaCodigo]) VALUES (754, N'Fazer 250 ie                                      ', 19)
INSERT INTO [dbo].[ModelosVeiculos] ([Id], [Modelo], [MarcaCodigo]) VALUES (755, N'Fjr 1300                                          ', 19)
INSERT INTO [dbo].[ModelosVeiculos] ([Id], [Modelo], [MarcaCodigo]) VALUES (756, N'Fz 6 600                                          ', 19)
INSERT INTO [dbo].[ModelosVeiculos] ([Id], [Modelo], [MarcaCodigo]) VALUES (757, N'Fz1                                               ', 19)
INSERT INTO [dbo].[ModelosVeiculos] ([Id], [Modelo], [MarcaCodigo]) VALUES (758, N'Fz6                                               ', 19)
INSERT INTO [dbo].[ModelosVeiculos] ([Id], [Modelo], [MarcaCodigo]) VALUES (759, N'Fz6 s                                             ', 19)
INSERT INTO [dbo].[ModelosVeiculos] ([Id], [Modelo], [MarcaCodigo]) VALUES (760, N'Fzr 1000                                          ', 19)
INSERT INTO [dbo].[ModelosVeiculos] ([Id], [Modelo], [MarcaCodigo]) VALUES (761, N'Fzr 600                                           ', 19)
INSERT INTO [dbo].[ModelosVeiculos] ([Id], [Modelo], [MarcaCodigo]) VALUES (762, N'Grizzly                                           ', 19)
INSERT INTO [dbo].[ModelosVeiculos] ([Id], [Modelo], [MarcaCodigo]) VALUES (763, N'Jog 50                                            ', 19)
INSERT INTO [dbo].[ModelosVeiculos] ([Id], [Modelo], [MarcaCodigo]) VALUES (764, N'Jog Teen 50                                       ', 19)
INSERT INTO [dbo].[ModelosVeiculos] ([Id], [Modelo], [MarcaCodigo]) VALUES (765, N'Magesty                                           ', 19)
INSERT INTO [dbo].[ModelosVeiculos] ([Id], [Modelo], [MarcaCodigo]) VALUES (766, N'MT 01                                             ', 19)
INSERT INTO [dbo].[ModelosVeiculos] ([Id], [Modelo], [MarcaCodigo]) VALUES (767, N'MT 03                                             ', 19)
INSERT INTO [dbo].[ModelosVeiculos] ([Id], [Modelo], [MarcaCodigo]) VALUES (768, N'MT 07                                             ', 19)
INSERT INTO [dbo].[ModelosVeiculos] ([Id], [Modelo], [MarcaCodigo]) VALUES (769, N'MT 09                                             ', 19)
INSERT INTO [dbo].[ModelosVeiculos] ([Id], [Modelo], [MarcaCodigo]) VALUES (770, N'Neo                                               ', 19)
INSERT INTO [dbo].[ModelosVeiculos] ([Id], [Modelo], [MarcaCodigo]) VALUES (771, N'NMax                                              ', 19)
INSERT INTO [dbo].[ModelosVeiculos] ([Id], [Modelo], [MarcaCodigo]) VALUES (772, N'Rd 125                                            ', 19)
INSERT INTO [dbo].[ModelosVeiculos] ([Id], [Modelo], [MarcaCodigo]) VALUES (773, N'Rd 135                                            ', 19)
INSERT INTO [dbo].[ModelosVeiculos] ([Id], [Modelo], [MarcaCodigo]) VALUES (774, N'Rd 350                                            ', 19)
INSERT INTO [dbo].[ModelosVeiculos] ([Id], [Modelo], [MarcaCodigo]) VALUES (775, N'Rdz 125                                           ', 19)
INSERT INTO [dbo].[ModelosVeiculos] ([Id], [Modelo], [MarcaCodigo]) VALUES (776, N'Rdz 135                                           ', 19)
INSERT INTO [dbo].[ModelosVeiculos] ([Id], [Modelo], [MarcaCodigo]) VALUES (777, N'Royal Star 1300                                   ', 19)
INSERT INTO [dbo].[ModelosVeiculos] ([Id], [Modelo], [MarcaCodigo]) VALUES (778, N'Tdm 225                                           ', 19)
INSERT INTO [dbo].[ModelosVeiculos] ([Id], [Modelo], [MarcaCodigo]) VALUES (779, N'Tdm 850                                           ', 19)
INSERT INTO [dbo].[ModelosVeiculos] ([Id], [Modelo], [MarcaCodigo]) VALUES (780, N'Tdm 900                                           ', 19)
INSERT INTO [dbo].[ModelosVeiculos] ([Id], [Modelo], [MarcaCodigo]) VALUES (781, N'Tdr 180                                           ', 19)
INSERT INTO [dbo].[ModelosVeiculos] ([Id], [Modelo], [MarcaCodigo]) VALUES (782, N'Tmax                                              ', 19)
INSERT INTO [dbo].[ModelosVeiculos] ([Id], [Modelo], [MarcaCodigo]) VALUES (783, N'Trx 850                                           ', 19)
INSERT INTO [dbo].[ModelosVeiculos] ([Id], [Modelo], [MarcaCodigo]) VALUES (784, N'TT-R                                              ', 19)
INSERT INTO [dbo].[ModelosVeiculos] ([Id], [Modelo], [MarcaCodigo]) VALUES (785, N'V Max 1200                                        ', 19)
INSERT INTO [dbo].[ModelosVeiculos] ([Id], [Modelo], [MarcaCodigo]) VALUES (786, N'V Max 1700                                        ', 19)
INSERT INTO [dbo].[ModelosVeiculos] ([Id], [Modelo], [MarcaCodigo]) VALUES (787, N'V Star 1100 Classic                               ', 19)
INSERT INTO [dbo].[ModelosVeiculos] ([Id], [Modelo], [MarcaCodigo]) VALUES (788, N'Virago 750                                        ', 19)
INSERT INTO [dbo].[ModelosVeiculos] ([Id], [Modelo], [MarcaCodigo]) VALUES (789, N'Wr                                                ', 19)
INSERT INTO [dbo].[ModelosVeiculos] ([Id], [Modelo], [MarcaCodigo]) VALUES (790, N'Xj6 F                                             ', 19)
INSERT INTO [dbo].[ModelosVeiculos] ([Id], [Modelo], [MarcaCodigo]) VALUES (791, N'Xj6 N                                             ', 19)
INSERT INTO [dbo].[ModelosVeiculos] ([Id], [Modelo], [MarcaCodigo]) VALUES (792, N'Xjr 1200                                          ', 19)
INSERT INTO [dbo].[ModelosVeiculos] ([Id], [Modelo], [MarcaCodigo]) VALUES (793, N'XT 1200Z                                          ', 19)
INSERT INTO [dbo].[ModelosVeiculos] ([Id], [Modelo], [MarcaCodigo]) VALUES (794, N'XT 225                                            ', 19)
INSERT INTO [dbo].[ModelosVeiculos] ([Id], [Modelo], [MarcaCodigo]) VALUES (795, N'XT 600                                            ', 19)
INSERT INTO [dbo].[ModelosVeiculos] ([Id], [Modelo], [MarcaCodigo]) VALUES (796, N'XT 660                                            ', 19)
INSERT INTO [dbo].[ModelosVeiculos] ([Id], [Modelo], [MarcaCodigo]) VALUES (797, N'Xtz 125 E                                         ', 19)
INSERT INTO [dbo].[ModelosVeiculos] ([Id], [Modelo], [MarcaCodigo]) VALUES (798, N'Xtz 125 K                                         ', 19)
INSERT INTO [dbo].[ModelosVeiculos] ([Id], [Modelo], [MarcaCodigo]) VALUES (799, N'Xtz 125 X                                         ', 19)
INSERT INTO [dbo].[ModelosVeiculos] ([Id], [Modelo], [MarcaCodigo]) VALUES (800, N'Xtz 150 Crosser                                   ', 19)
INSERT INTO [dbo].[ModelosVeiculos] ([Id], [Modelo], [MarcaCodigo]) VALUES (801, N'Xtz 250 Lander                                    ', 19)
INSERT INTO [dbo].[ModelosVeiculos] ([Id], [Modelo], [MarcaCodigo]) VALUES (802, N'Xtz 250 Tenere                                    ', 19)
INSERT INTO [dbo].[ModelosVeiculos] ([Id], [Modelo], [MarcaCodigo]) VALUES (803, N'Xtz 750                                           ', 19)
INSERT INTO [dbo].[ModelosVeiculos] ([Id], [Modelo], [MarcaCodigo]) VALUES (804, N'Xv 1100                                           ', 19)
INSERT INTO [dbo].[ModelosVeiculos] ([Id], [Modelo], [MarcaCodigo]) VALUES (805, N'Xv 250 (Virago)                                   ', 19)
INSERT INTO [dbo].[ModelosVeiculos] ([Id], [Modelo], [MarcaCodigo]) VALUES (806, N'Xv 535                                            ', 19)
INSERT INTO [dbo].[ModelosVeiculos] ([Id], [Modelo], [MarcaCodigo]) VALUES (807, N'Xvs Midnight                                      ', 19)
INSERT INTO [dbo].[ModelosVeiculos] ([Id], [Modelo], [MarcaCodigo]) VALUES (808, N'YBR 125                                           ', 19)
INSERT INTO [dbo].[ModelosVeiculos] ([Id], [Modelo], [MarcaCodigo]) VALUES (809, N'YBR 125 Factor                                    ', 19)
INSERT INTO [dbo].[ModelosVeiculos] ([Id], [Modelo], [MarcaCodigo]) VALUES (810, N'YBR 150 Factor                                    ', 19)
INSERT INTO [dbo].[ModelosVeiculos] ([Id], [Modelo], [MarcaCodigo]) VALUES (811, N'YFM                                               ', 19)
INSERT INTO [dbo].[ModelosVeiculos] ([Id], [Modelo], [MarcaCodigo]) VALUES (812, N'YS 150 Fazer                                      ', 19)
INSERT INTO [dbo].[ModelosVeiculos] ([Id], [Modelo], [MarcaCodigo]) VALUES (813, N'YS 250 Fazer                                      ', 19)
INSERT INTO [dbo].[ModelosVeiculos] ([Id], [Modelo], [MarcaCodigo]) VALUES (814, N'YZ                                                ', 19)
INSERT INTO [dbo].[ModelosVeiculos] ([Id], [Modelo], [MarcaCodigo]) VALUES (815, N'YZF 1000                                          ', 19)
INSERT INTO [dbo].[ModelosVeiculos] ([Id], [Modelo], [MarcaCodigo]) VALUES (816, N'YZF 600                                           ', 19)
INSERT INTO [dbo].[ModelosVeiculos] ([Id], [Modelo], [MarcaCodigo]) VALUES (817, N'YZF 750                                           ', 19)
INSERT INTO [dbo].[ModelosVeiculos] ([Id], [Modelo], [MarcaCodigo]) VALUES (818, N'YZF R1                                            ', 19)
INSERT INTO [dbo].[ModelosVeiculos] ([Id], [Modelo], [MarcaCodigo]) VALUES (819, N'YZF R3                                            ', 19)
INSERT INTO [dbo].[ModelosVeiculos] ([Id], [Modelo], [MarcaCodigo]) VALUES (820, N'YZF R6                                            ', 19)
INSERT INTO [dbo].[ModelosVeiculos] ([Id], [Modelo], [MarcaCodigo]) VALUES (821, N'Concours                                          ', 20)
INSERT INTO [dbo].[ModelosVeiculos] ([Id], [Modelo], [MarcaCodigo]) VALUES (822, N'D tracker x                                       ', 20)
INSERT INTO [dbo].[ModelosVeiculos] ([Id], [Modelo], [MarcaCodigo]) VALUES (823, N'ER 5                                              ', 20)
INSERT INTO [dbo].[ModelosVeiculos] ([Id], [Modelo], [MarcaCodigo]) VALUES (824, N'ER 6n                                             ', 20)
INSERT INTO [dbo].[ModelosVeiculos] ([Id], [Modelo], [MarcaCodigo]) VALUES (825, N'KLX                                               ', 20)
INSERT INTO [dbo].[ModelosVeiculos] ([Id], [Modelo], [MarcaCodigo]) VALUES (826, N'KX                                                ', 20)
INSERT INTO [dbo].[ModelosVeiculos] ([Id], [Modelo], [MarcaCodigo]) VALUES (827, N'KZ                                                ', 20)
INSERT INTO [dbo].[ModelosVeiculos] ([Id], [Modelo], [MarcaCodigo]) VALUES (828, N'Maxi II                                           ', 20)
INSERT INTO [dbo].[ModelosVeiculos] ([Id], [Modelo], [MarcaCodigo]) VALUES (829, N'Ninja                                             ', 20)
INSERT INTO [dbo].[ModelosVeiculos] ([Id], [Modelo], [MarcaCodigo]) VALUES (830, N'Versys                                            ', 20)
INSERT INTO [dbo].[ModelosVeiculos] ([Id], [Modelo], [MarcaCodigo]) VALUES (831, N'Voyager                                           ', 20)
INSERT INTO [dbo].[ModelosVeiculos] ([Id], [Modelo], [MarcaCodigo]) VALUES (832, N'Vulcan                                            ', 20)
INSERT INTO [dbo].[ModelosVeiculos] ([Id], [Modelo], [MarcaCodigo]) VALUES (833, N'Z 1000                                            ', 20)
INSERT INTO [dbo].[ModelosVeiculos] ([Id], [Modelo], [MarcaCodigo]) VALUES (834, N'Z 300                                             ', 20)
INSERT INTO [dbo].[ModelosVeiculos] ([Id], [Modelo], [MarcaCodigo]) VALUES (835, N'Z 650                                             ', 20)
INSERT INTO [dbo].[ModelosVeiculos] ([Id], [Modelo], [MarcaCodigo]) VALUES (836, N'Z 750                                             ', 20)
INSERT INTO [dbo].[ModelosVeiculos] ([Id], [Modelo], [MarcaCodigo]) VALUES (837, N'Z 800                                             ', 20)
INSERT INTO [dbo].[ModelosVeiculos] ([Id], [Modelo], [MarcaCodigo]) VALUES (838, N'Z 900                                             ', 20)
INSERT INTO [dbo].[ModelosVeiculos] ([Id], [Modelo], [MarcaCodigo]) VALUES (839, N'C 600                                             ', 22)
INSERT INTO [dbo].[ModelosVeiculos] ([Id], [Modelo], [MarcaCodigo]) VALUES (840, N'F 650                                             ', 22)
INSERT INTO [dbo].[ModelosVeiculos] ([Id], [Modelo], [MarcaCodigo]) VALUES (841, N'F 700                                             ', 22)
INSERT INTO [dbo].[ModelosVeiculos] ([Id], [Modelo], [MarcaCodigo]) VALUES (842, N'F 800                                             ', 22)
INSERT INTO [dbo].[ModelosVeiculos] ([Id], [Modelo], [MarcaCodigo]) VALUES (843, N'G 310                                             ', 22)
INSERT INTO [dbo].[ModelosVeiculos] ([Id], [Modelo], [MarcaCodigo]) VALUES (844, N'G 450                                             ', 22)
INSERT INTO [dbo].[ModelosVeiculos] ([Id], [Modelo], [MarcaCodigo]) VALUES (845, N'G 650                                             ', 22)
INSERT INTO [dbo].[ModelosVeiculos] ([Id], [Modelo], [MarcaCodigo]) VALUES (846, N'K 1100                                            ', 22)
INSERT INTO [dbo].[ModelosVeiculos] ([Id], [Modelo], [MarcaCodigo]) VALUES (847, N'K 1200                                            ', 22)
INSERT INTO [dbo].[ModelosVeiculos] ([Id], [Modelo], [MarcaCodigo]) VALUES (848, N'K 1300                                            ', 22)
INSERT INTO [dbo].[ModelosVeiculos] ([Id], [Modelo], [MarcaCodigo]) VALUES (849, N'K 1600                                            ', 22)
INSERT INTO [dbo].[ModelosVeiculos] ([Id], [Modelo], [MarcaCodigo]) VALUES (850, N'R 1100                                            ', 22)
INSERT INTO [dbo].[ModelosVeiculos] ([Id], [Modelo], [MarcaCodigo]) VALUES (851, N'R 1150                                            ', 22)
INSERT INTO [dbo].[ModelosVeiculos] ([Id], [Modelo], [MarcaCodigo]) VALUES (852, N'R 1200                                            ', 22)
INSERT INTO [dbo].[ModelosVeiculos] ([Id], [Modelo], [MarcaCodigo]) VALUES (853, N'S 1000                                            ', 22)
INSERT INTO [dbo].[ModelosVeiculos] ([Id], [Modelo], [MarcaCodigo]) VALUES (854, N'Desmosedici                                       ', 21)
INSERT INTO [dbo].[ModelosVeiculos] ([Id], [Modelo], [MarcaCodigo]) VALUES (855, N'Diavel                                            ', 21)
INSERT INTO [dbo].[ModelosVeiculos] ([Id], [Modelo], [MarcaCodigo]) VALUES (856, N'Hypermotard                                       ', 21)
INSERT INTO [dbo].[ModelosVeiculos] ([Id], [Modelo], [MarcaCodigo]) VALUES (857, N'Hyperstrada                                       ', 21)
INSERT INTO [dbo].[ModelosVeiculos] ([Id], [Modelo], [MarcaCodigo]) VALUES (858, N'Monster                                           ', 21)
INSERT INTO [dbo].[ModelosVeiculos] ([Id], [Modelo], [MarcaCodigo]) VALUES (859, N'Multistrada                                       ', 21)
INSERT INTO [dbo].[ModelosVeiculos] ([Id], [Modelo], [MarcaCodigo]) VALUES (860, N'Scrambler                                         ', 21)
INSERT INTO [dbo].[ModelosVeiculos] ([Id], [Modelo], [MarcaCodigo]) VALUES (861, N'Sportclassic                                      ', 21)
INSERT INTO [dbo].[ModelosVeiculos] ([Id], [Modelo], [MarcaCodigo]) VALUES (862, N'Streetfighter                                     ', 21)
INSERT INTO [dbo].[ModelosVeiculos] ([Id], [Modelo], [MarcaCodigo]) VALUES (863, N'Super Sport 900 ss                                ', 21)
INSERT INTO [dbo].[ModelosVeiculos] ([Id], [Modelo], [MarcaCodigo]) VALUES (864, N'Super Touring St 2 900                            ', 21)
INSERT INTO [dbo].[ModelosVeiculos] ([Id], [Modelo], [MarcaCodigo]) VALUES (865, N'Super Touring St 4 900                            ', 21)
INSERT INTO [dbo].[ModelosVeiculos] ([Id], [Modelo], [MarcaCodigo]) VALUES (866, N'Superbike                                         ', 21)
INSERT INTO [dbo].[ModelosVeiculos] ([Id], [Modelo], [MarcaCodigo]) VALUES (867, N'Superbike 749                                     ', 21)
INSERT INTO [dbo].[ModelosVeiculos] ([Id], [Modelo], [MarcaCodigo]) VALUES (868, N'Superbike 916                                     ', 21)
INSERT INTO [dbo].[ModelosVeiculos] ([Id], [Modelo], [MarcaCodigo]) VALUES (869, N'Superbike 996                                     ', 21)
INSERT INTO [dbo].[ModelosVeiculos] ([Id], [Modelo], [MarcaCodigo]) VALUES (870, N'Superbike 998                                     ', 21)
INSERT INTO [dbo].[ModelosVeiculos] ([Id], [Modelo], [MarcaCodigo]) VALUES (871, N'Superbike 999                                     ', 21)
SET IDENTITY_INSERT [dbo].[ModelosVeiculos] OFF

GO

select * from Tipos
select * from Marcas
select * from ModelosVeiculos 
select * from ModelosVeiculos vei inner join Marcas mar on vei.MarcaCodigo =  mar.Codigo
								  inner join Tipos tip on mar.TipoCodigo = tip.Codigo
select vei.Id, vei.Modelo, mar.Nome as 'Marca',tip.Nome as 'Tipo' from ModelosVeiculos vei inner join Marcas mar on vei.MarcaCodigo =  mar.Codigo
																                    		inner join Tipos tip on mar.TipoCodigo = tip.Codigo
select vei.Id, vei.Modelo, mar.Nome as 'Marca',tip.Nome as 'Tipo' from ModelosVeiculos vei inner join Marcas mar on vei.MarcaCodigo =  mar.Codigo
																                    		inner join Tipos tip on mar.TipoCodigo = tip.Codigo
																							where mar.Codigo = 20 -- Moto Kawasaki
select vei.Id, vei.Modelo, mar.Nome as 'Marca',tip.Nome as 'Tipo' from ModelosVeiculos vei inner join Marcas mar on vei.MarcaCodigo =  mar.Codigo
																                    		inner join Tipos tip on mar.TipoCodigo = tip.Codigo
																							where mar.Codigo = 10 -- Carro Kia
